demandId,sourceId,sinkId,demandVolume,arriveTime
0,166,3313,50,42
1,1007,1298,100,49
2,471,3843,100,27
3,929,1113,75,25
4,2746,3120,100,15
5,618,633,75,12
6,4034,3657,75,31
7,4792,4780,50,23
8,2296,2536,100,50
9,4601,4765,75,45
10,1830,2442,100,38
11,2546,3298,75,2
12,628,746,75,3
13,4834,4957,75,8
14,1606,1022,50,34
15,1907,2509,100,13
16,333,422,75,49
17,3102,3358,50,13
18,3460,2263,50,22
19,913,1139,50,48
20,243,1692,50,39
21,183,248,50,4
22,3755,3840,75,12
23,2966,4827,50,38
24,3688,4928,75,19
25,829,1520,50,31
26,1833,4699,100,19
27,3808,3950,100,14
28,153,391,75,25
29,796,1434,100,14
30,2622,2820,75,30
31,4890,4936,100,49
32,1221,1543,100,36
33,4674,4582,75,28
34,2451,2201,50,44
35,784,893,75,33
36,1751,1723,50,12
37,4244,4333,100,49
38,2531,2678,100,0
39,3425,1938,100,3
40,1541,1349,75,43
41,3348,3336,100,14
42,2007,2154,75,49
43,3329,2349,100,27
44,1720,1715,75,35
45,1646,1755,50,24
46,471,460,50,32
47,2051,3535,50,21
48,1548,1034,50,42
49,543,270,75,15
50,4167,4297,100,30
51,1005,923,100,16
52,257,4857,100,49
53,3935,3794,50,9
54,3844,3604,100,48
55,2994,2007,100,24
56,2295,2338,75,37
57,42,189,50,5
58,4255,4160,50,43
59,145,137,50,12
60,2195,3577,50,4
61,2553,2268,75,40
62,889,1433,100,10
63,208,105,75,10
64,55,106,75,5
65,3398,2479,50,37
66,4161,4927,75,50
67,664,4789,100,34
68,1025,989,100,9
69,988,1616,75,39
70,1756,1813,75,25
71,1729,1783,75,28
72,4686,4728,75,40
73,3933,4030,100,17
74,55,1868,75,23
75,3617,4057,100,13
76,156,485,50,23
77,2194,2067,100,20
78,962,1200,75,18
79,1700,1735,50,7
80,802,889,100,6
81,1586,976,100,34
82,3264,3491,100,48
83,4684,4530,100,21
84,378,491,50,13
85,3291,4726,75,28
86,246,33,50,32
87,833,1174,50,43
88,255,222,75,9
89,946,3598,50,13
90,33,144,100,41
91,3695,4002,100,34
92,2253,2348,50,44
93,4384,4074,100,13
94,1339,4411,75,46
95,1527,815,75,32
96,446,491,75,49
97,1670,4871,50,34
98,1770,1767,75,31
99,3769,3800,50,16
100,2825,2579,75,42
101,718,738,50,10
102,4329,4880,50,4
103,3101,2386,75,42
104,637,4382,100,15
105,4033,3940,50,15
106,75,175,75,17
107,4133,4345,50,6
108,4157,4406,50,11
109,4109,4308,75,10
110,3046,1876,100,13
111,2205,3382,75,0
112,2553,2869,50,0
113,4000,3783,100,30
114,3213,3546,75,18
115,3403,2703,75,30
116,4833,4939,50,46
117,1477,1538,100,0
118,56,254,75,42
119,414,381,100,30
120,981,1321,75,6
121,4538,4453,100,15
122,979,957,75,24
123,4088,4793,50,47
124,4657,4624,100,23
125,154,176,50,30
126,1205,1401,75,41
127,3127,3083,75,44
128,1932,2891,50,40
129,243,197,75,11
130,3808,3944,50,31
131,4402,4303,50,2
132,806,1753,75,34
133,387,536,100,33
134,1617,1499,75,35
135,452,430,50,42
136,4784,4858,75,6
137,4029,3823,100,24
138,1889,3268,100,14
139,4066,4311,50,14
140,2816,2430,100,10
141,2965,3206,75,19
142,887,1481,100,21
143,1229,1067,75,16
144,149,1382,100,27
145,585,760,75,19
146,2378,1879,50,37
147,3926,3682,100,5
148,94,115,75,2
149,2878,2336,75,45
150,3651,3643,100,48
151,700,690,50,38
152,3494,3299,100,1
153,3288,2622,75,50
154,500,275,75,50
155,2732,2005,100,2
156,1447,1133,100,46
157,2366,2149,100,48
158,1351,958,75,41
159,2986,2632,50,14
160,3485,3212,75,8
161,3014,1949,75,42
162,580,737,50,45
163,31,7,100,28
164,3067,2954,100,3
165,4122,4215,50,35
166,1834,2305,50,47
167,2848,2306,75,35
168,3165,3152,100,6
169,3666,3933,50,25
170,3425,2007,100,9
171,4794,4920,100,25
172,2714,3587,75,0
173,4575,4649,75,17
174,2524,3466,50,7
175,1510,1149,75,15
176,2328,3401,50,38
177,1786,3486,50,40
178,3415,3169,75,46
179,2457,2886,50,49
180,1931,2722,75,10
181,332,278,75,50
182,2819,3199,50,8
183,623,4326,50,7
184,4681,4702,75,36
185,4021,3944,100,48
186,3265,3107,50,35
187,3662,3832,100,32
188,2569,2959,75,23
189,2383,3156,75,32
190,1062,1375,50,9
191,1098,1012,100,14
192,1707,1678,50,49
193,1802,4651,75,34
194,3239,3217,50,48
195,3479,2153,100,19
196,4592,4824,50,43
197,1767,1770,100,40
198,3889,3858,50,0
199,4040,3741,75,23
200,1575,1415,75,15
201,512,1724,75,5
202,2422,3031,75,19
203,1694,1784,75,16
204,642,754,75,36
205,2004,2254,50,49
206,511,4892,100,45
207,3063,4012,75,7
208,2275,2412,50,10
209,2870,3087,100,5
210,2509,2112,75,3
211,740,751,50,9
212,36,1051,100,15
213,2128,3473,50,5
214,3808,3696,100,21
215,1990,1888,75,32
216,4960,4846,100,37
217,992,1400,100,30
218,3874,3773,100,37
219,269,687,50,14
220,3679,4004,75,48
221,975,1767,100,29
222,4487,4733,50,31
223,4845,4983,75,5
224,466,371,75,44
225,2223,2319,50,12
226,158,223,50,22
227,2659,2781,75,32
228,299,467,75,3
229,3381,2655,100,19
230,790,1767,50,8
231,1456,1270,75,44
232,4227,4216,75,0
233,2662,3584,75,5
234,914,1487,75,16
235,4401,4245,100,14
236,2314,2511,100,40
237,1499,1064,100,37
238,1381,1853,75,13
239,125,34,50,28
240,3791,3884,75,35
241,2873,2761,75,7
242,4486,4664,100,29
243,1142,1033,75,29
244,1366,1427,75,42
245,2268,1942,75,3
246,558,4970,50,24
247,2193,2057,75,14
248,2380,2030,75,20
249,919,1067,100,45
250,2248,2337,100,45
251,835,1004,75,43
252,3618,4345,100,42
253,4035,3971,50,5
254,2734,2211,100,48
255,3692,3900,75,48
256,309,395,50,2
257,531,1660,50,14
258,2623,3349,50,16
259,2250,2371,100,50
260,942,1551,75,47
261,4308,4310,100,46
262,905,2210,75,21
263,902,1014,75,16
264,692,4976,75,7
265,946,1494,50,19
266,1422,1387,100,17
267,451,327,100,2
268,3504,2871,100,19
269,2976,3355,100,28
270,3193,2932,100,13
271,3339,3583,50,34
272,3860,3800,50,22
273,4116,4070,75,1
274,2620,2479,75,18
275,4636,4633,50,30
276,250,102,50,29
277,1560,1420,100,49
278,3077,3486,100,23
279,749,623,100,45
280,604,658,75,30
281,3327,2820,75,7
282,900,1192,50,6
283,332,4768,50,30
284,641,1642,100,30
285,4775,4662,75,19
286,1607,1291,75,23
287,246,35,75,43
288,1285,936,100,22
289,545,396,75,21
290,3159,2935,75,9
291,2552,3503,100,36
292,1712,1701,75,9
293,3891,3655,50,24
294,1739,3982,100,36
295,2990,3360,50,18
296,2182,3557,100,21
297,2768,3366,75,43
298,912,1547,50,48
299,197,3733,50,37
300,156,7,50,38
301,472,3033,100,16
302,4044,3669,100,24
303,2299,1869,100,22
304,277,1038,100,26
305,3704,3831,50,27
306,510,883,75,46
307,2569,3131,100,46
308,1749,1695,100,11
309,3535,3387,100,45
310,2946,2186,75,4
311,4353,4318,50,33
312,3990,4051,50,26
313,4274,4299,100,30
314,4594,4696,50,39
315,819,3079,75,28
316,4106,4127,75,28
317,4164,4179,100,23
318,867,1481,75,2
319,1819,1731,100,13
320,1649,1691,100,36
321,3225,2003,75,9
322,4470,4664,75,14
323,2716,2837,75,29
324,640,4112,100,11
325,2875,2679,100,48
326,2349,2454,75,4
327,3764,3673,100,50
328,2037,2074,50,3
329,3596,3668,75,48
330,2057,3493,50,22
331,3669,4789,50,8
332,903,1065,100,38
333,719,4951,75,11
334,4623,4946,50,42
335,159,170,50,26
336,4797,4786,100,41
337,4150,4139,50,18
338,1656,3728,50,10
339,2945,2014,50,12
340,581,1645,100,49
341,4132,4381,50,3
342,2884,3110,50,13
343,1169,1113,100,37
344,3527,2794,50,16
345,2469,3206,75,24
346,3520,2349,50,50
347,4393,4219,75,45
348,3308,2185,50,24
349,318,333,100,16
350,2173,3348,100,14
351,3944,3755,100,0
352,3814,3801,75,39
353,3243,2998,75,41
354,1493,981,50,12
355,3609,4869,75,28
356,834,817,100,25
357,4181,4251,75,49
358,3216,2682,50,38
359,4282,4120,75,5
360,1441,4213,50,32
361,3301,4146,75,15
362,3720,3804,75,45
363,4223,4127,50,2
364,677,700,75,16
365,974,1505,75,33
366,5,185,100,21
367,3782,3764,75,34
368,3556,2894,75,49
369,720,714,75,15
370,1699,4323,50,7
371,3077,3122,100,40
372,480,3444,100,50
373,233,1503,50,16
374,1540,1234,50,23
375,1733,1779,75,19
376,3834,4016,50,33
377,1390,4922,50,20
378,1372,995,50,28
379,1434,806,75,48
380,4348,4571,75,8
381,118,21,75,21
382,4174,4255,50,30
383,39,141,100,27
384,4654,4449,100,33
385,4768,4597,100,28
386,2885,3056,100,25
387,2456,3464,50,43
388,1165,1341,50,2
389,1438,972,50,46
390,2541,3192,100,8
391,2071,2133,50,7
392,344,4944,50,4
393,932,1203,75,2
394,866,1550,50,39
395,684,3284,100,20
396,337,320,100,25
397,123,291,75,13
398,3730,3683,100,49
399,2116,2892,100,42
400,3830,3853,50,34
401,2437,3476,75,36
402,3772,3682,100,49
403,1023,1509,75,10
404,4485,4473,100,31
405,1762,1837,50,44
406,1542,1413,50,16
407,1728,1831,50,19
408,520,464,100,23
409,1419,1262,75,11
410,3626,3973,100,7
411,3467,2880,75,42
412,2527,3183,100,25
413,4459,4672,75,19
414,1903,3229,50,27
415,3765,4882,50,15
416,162,238,50,48
417,4356,4318,50,34
418,580,667,100,32
419,4961,4970,50,30
420,1934,3478,50,1
421,608,3751,75,5
422,1947,2086,100,2
423,907,1479,50,33
424,2181,2442,75,19
425,2020,2955,75,43
426,3380,2482,50,9
427,146,168,50,9
428,328,526,100,10
429,4237,4110,100,45
430,1108,1092,100,48
431,366,1778,50,5
432,283,4193,100,31
433,3978,3869,75,19
434,153,3874,75,17
435,464,278,50,25
436,4099,4388,75,33
437,3662,3627,75,39
438,4443,4495,50,42
439,241,1595,100,4
440,2409,2193,50,17
441,3494,2375,75,26
442,1431,1349,50,29
443,266,498,75,41
444,2214,3379,100,1
445,4312,4837,50,22
446,140,354,50,25
447,1207,983,100,43
448,3557,2948,100,28
449,697,651,75,17
450,614,1692,50,3
451,4656,4571,50,46
452,2102,2698,75,3
453,3945,3657,75,34
454,4349,4113,75,18
455,325,4461,100,34
456,814,1515,50,12
457,2314,2434,50,36
458,1873,4385,75,32
459,724,549,75,9
460,1743,1665,50,44
461,2120,2623,100,13
462,3218,2930,75,34
463,2280,3168,100,41
464,2253,3231,50,27
465,4176,4691,50,50
466,817,1025,50,16
467,1993,3468,75,28
468,235,1763,100,9
469,2456,2156,50,8
470,1554,781,75,31
471,3625,3892,50,17
472,996,1227,100,42
473,4296,4251,100,21
474,2765,2141,100,45
475,1264,1160,50,39
476,4701,4769,100,29
477,138,4630,50,6
478,2424,3216,75,2
479,1180,787,100,6
480,4803,4837,100,27
481,383,4969,75,38
482,3124,3886,75,42
483,2242,3153,50,1
484,2173,1908,100,8
485,3002,2727,75,4
486,100,96,100,8
487,1549,1202,50,7
488,3892,3694,100,9
489,3100,3025,100,46
490,499,358,100,22
491,557,4031,50,15
492,2361,2958,50,45
493,1342,783,50,36
494,328,376,75,0
495,240,212,75,36
496,3644,3940,100,12
497,2771,3959,75,37
498,3703,3781,75,32
499,1368,1185,50,37
500,1369,1227,50,21
501,175,3713,100,40
502,386,532,75,20
503,4564,4463,50,4
504,938,1440,75,13
505,4023,3842,100,41
506,468,4046,75,5
507,375,400,75,38
508,2598,3410,50,1
509,1923,3381,75,21
510,1911,3234,75,19
511,927,1006,100,7
512,3692,4015,75,11
513,663,561,75,35
514,904,799,75,15
515,4545,4628,100,26
516,4205,4403,50,24
517,3575,2193,50,22
518,192,18,100,5
519,2728,2090,100,34
520,841,924,50,44
521,3300,3532,50,11
522,3329,3004,75,41
523,1859,4743,100,50
524,2543,4672,75,46
525,4912,4945,75,15
526,4658,4529,100,27
527,3734,3753,100,50
528,1518,1584,75,30
529,208,152,50,48
530,2054,3058,75,19
531,1978,2338,50,40
532,2099,3015,75,12
533,4738,4510,100,21
534,1004,1585,75,39
535,4701,4751,75,33
536,533,540,75,10
537,2059,2399,100,24
538,3563,2233,75,30
539,3584,2288,50,21
540,3949,3917,75,48
541,659,564,100,19
542,2032,3378,50,33
543,3263,2433,100,41
544,553,4068,50,10
545,3988,3932,100,36
546,4422,4067,50,48
547,1527,1594,50,17
548,355,504,100,41
549,225,4327,50,41
550,271,334,75,8
551,643,3936,75,30
552,4771,4589,100,26
553,854,1325,50,40
554,3236,4923,50,46
555,1301,1553,50,36
556,1548,1062,75,0
557,3752,3786,100,4
558,2825,1921,75,44
559,134,126,75,30
560,2049,2608,50,30
561,920,1181,75,8
562,651,584,75,10
563,2526,2624,75,24
564,1839,1672,100,49
565,1953,2999,100,8
566,1976,2700,50,23
567,3125,3011,75,38
568,1633,1826,50,2
569,2944,2246,50,26
570,282,320,100,14
571,528,4807,50,38
572,1818,4443,50,45
573,4030,3921,75,40
574,4696,4568,50,6
575,3432,2252,100,21
576,395,382,50,29
577,462,409,50,6
578,3189,3239,100,7
579,1071,929,75,11
580,4439,4419,50,25
581,4024,3862,75,4
582,386,300,75,31
583,200,150,75,26
584,3791,4521,100,50
585,3979,3740,50,0
586,96,1179,100,4
587,3780,3766,100,17
588,963,1513,50,39
589,451,415,50,13
590,1064,1292,75,39
591,4310,4063,100,47
592,3780,3715,75,28
593,2233,3568,75,10
594,731,4120,50,36
595,4083,4396,100,40
596,30,150,50,50
597,4547,4622,100,48
598,3070,2513,75,39
599,203,4554,75,43
600,47,4100,75,44
601,2823,3345,75,50
602,25,4751,75,5
603,304,4764,75,15
604,2143,2697,100,1
605,4786,4880,50,10
606,43,3404,75,49
607,3421,2538,50,47
608,237,4308,75,29
609,3343,4034,100,49
610,95,107,50,25
611,55,631,75,0
612,578,760,50,46
613,4566,4634,50,9
614,2886,2408,100,36
615,4357,4113,50,36
616,770,4043,50,45
617,1143,1391,100,3
618,560,565,75,19
619,321,527,75,26
620,2090,2972,50,41
621,1309,1255,75,19
622,72,209,50,28
623,4132,4162,100,31
624,2018,2359,50,47
625,1736,1648,100,20
626,4591,4507,75,16
627,3398,1955,100,3
628,3602,4613,100,18
629,4660,4663,50,41
630,50,886,50,7
631,1904,1954,75,39
632,105,1721,75,38
633,4097,4065,50,46
634,2016,2524,100,47
635,309,3681,50,47
636,1115,1131,75,28
637,2994,2243,75,17
638,506,475,100,14
639,2160,3140,100,12
640,2408,2462,75,14
641,124,156,100,36
642,230,357,75,37
643,1450,1330,50,17
644,2702,1962,75,13
645,3126,3350,100,49
646,447,489,100,37
647,25,189,50,50
648,3317,4474,100,22
649,692,1675,50,32
650,1028,4739,75,35
651,1541,3092,100,14
652,3149,2729,75,29
653,2637,3466,50,15
654,4380,4361,100,6
655,3938,3939,50,15
656,4097,4319,50,30
657,2617,3054,50,17
658,4568,4516,75,15
659,268,514,100,43
660,3135,4151,50,3
661,313,2246,50,14
662,408,4124,75,19
663,3022,3014,50,11
664,209,1788,50,18
665,4897,4815,75,16
666,741,652,50,40
667,227,590,100,34
668,1508,1000,75,12
669,1453,1445,100,29
670,1691,1859,50,3
671,9,4990,50,14
672,757,1629,75,2
673,1446,3652,75,4
674,4730,4932,75,3
675,76,208,50,15
676,1802,1666,50,20
677,1569,1330,50,1
678,2701,3158,75,45
679,4059,4339,50,23
680,3244,3569,75,20
681,594,752,100,31
682,3404,2114,50,37
683,1040,1175,75,40
684,1582,1558,100,3
685,3150,1951,75,9
686,502,1537,50,41
687,223,201,100,43
688,831,1643,75,21
689,4875,4904,75,19
690,356,429,50,5
691,25,562,100,39
692,400,299,50,23
693,3378,2526,75,5
694,2230,3157,50,20
695,4278,4380,50,32
696,732,640,50,31
697,784,1274,100,4
698,2668,2200,100,5
699,4512,4647,50,46
700,2134,3089,75,1
701,48,252,75,45
702,4248,4076,100,14
703,3300,4360,100,44
704,3603,3795,75,39
705,4325,4843,75,48
706,974,1231,50,39
707,4601,4624,100,30
708,1120,1177,50,21
709,2030,2818,100,31
710,4136,4399,75,22
711,1868,2645,75,7
712,3713,4014,75,27
713,2139,2825,50,11
714,2574,2638,100,40
715,843,1450,100,8
716,1373,817,75,26
717,1359,1097,50,1
718,4202,4313,75,7
719,4272,4193,100,26
720,489,362,50,4
721,4255,4292,100,42
722,4678,4696,100,42
723,958,843,75,45
724,861,1270,75,15
725,2966,4534,75,8
726,1298,1196,50,49
727,3372,3567,50,29
728,3902,3816,75,4
729,3560,2342,75,2
730,1691,5000,75,9
731,2981,3263,50,20
732,796,3765,100,35
733,3970,3603,100,24
734,2983,3340,100,22
735,2111,2796,100,41
736,512,378,75,38
737,1828,4516,75,29
738,187,259,50,19
739,714,761,50,43
740,1124,1102,50,44
741,459,445,75,1
742,1743,1655,100,2
743,2175,3368,100,48
744,2224,2016,100,2
745,168,4921,50,2
746,3084,1948,50,18
747,3264,2417,75,46
748,2977,2459,50,3
749,4133,4116,100,13
750,170,1584,100,9
751,3362,2338,75,32
752,3340,3093,100,32
753,1065,1430,100,6
754,4224,4428,100,38
755,2003,3193,50,2
756,1789,1768,75,25
757,4968,4785,100,7
758,2599,2234,75,15
759,2784,2667,100,33
760,3212,2250,50,26
761,2430,2647,100,30
762,4792,4960,100,34
763,4902,4932,100,22
764,2175,3145,50,33
765,2886,3339,100,22
766,164,4908,75,38
767,3403,1946,50,22
768,3263,2941,100,2
769,3265,3148,100,37
770,1807,1697,75,21
771,4236,4640,75,48
772,3272,2803,100,34
773,64,86,50,24
774,3462,3396,75,11
775,2382,2241,100,2
776,1238,3083,50,30
777,757,754,50,45
778,1019,1416,75,10
779,4324,4965,50,46
780,1167,1617,100,35
781,537,3040,50,43
782,649,4136,100,18
783,2539,2250,75,9
784,1867,1752,100,12
785,4640,4526,75,13
786,464,1370,75,26
787,2571,2952,75,1
788,2077,2325,75,33
789,1656,4338,50,46
790,1635,1794,100,45
791,1162,1339,50,34
792,3416,2866,50,3
793,1034,996,75,38
794,1405,889,75,33
795,1840,4347,100,37
796,4298,4358,100,36
797,171,121,75,6
798,187,108,100,16
799,408,490,75,18
800,4155,4106,100,35
801,1401,986,50,26
802,1815,2942,75,5
803,3821,4027,75,24
804,137,77,75,16
805,2091,2448,100,2
806,19,3989,75,24
807,3128,2951,100,32
808,243,4728,100,26
809,3659,3979,75,23
810,899,1007,50,35
811,1771,4619,75,48
812,4610,4726,75,6
813,1193,4081,50,27
814,2905,4653,75,22
815,2773,2440,75,2
816,1271,1490,75,42
817,1818,1857,100,50
818,2563,3368,75,25
819,4979,4997,50,19
820,3124,2457,50,48
821,703,576,50,32
822,4660,4861,50,40
823,4444,4461,100,28
824,3782,3919,50,37
825,2343,2016,50,1
826,60,4980,100,2
827,980,772,50,22
828,2936,2285,100,22
829,3379,2241,75,21
830,1058,1299,50,15
831,3069,3137,75,45
832,1665,3847,75,30
833,4554,4884,50,1
834,2771,3341,100,12
835,3803,4814,50,24
836,762,677,75,44
837,446,1061,100,30
838,4910,4831,50,37
839,536,1835,50,26
840,98,4990,50,23
841,913,1628,75,35
842,3146,2057,75,43
843,4045,3638,50,0
844,2870,2195,50,9
845,2574,1917,75,42
846,3798,3857,50,8
847,2230,3479,75,18
848,1747,1711,75,20
849,4919,4936,50,42
850,585,766,50,21
851,73,47,75,37
852,3934,3971,50,32
853,4724,4564,100,46
854,2993,2240,50,42
855,4941,4896,100,37
856,2308,2274,100,13
857,2312,3024,100,31
858,4990,4783,75,40
859,1357,1347,75,15
860,468,4043,100,32
861,476,425,75,8
862,3179,2488,75,24
863,2352,2209,50,25
864,1691,1831,50,0
865,4545,4604,50,50
866,1194,892,75,15
867,3377,3391,100,14
868,340,4253,100,3
869,4733,4611,50,1
870,1597,1560,100,5
871,2106,2237,75,14
872,3557,4993,75,10
873,769,4536,100,19
874,2199,1981,100,14
875,3088,2827,50,31
876,4498,4550,100,45
877,4608,4511,75,6
878,2930,2365,75,36
879,51,69,100,41
880,3487,3355,75,20
881,2253,3680,75,26
882,251,239,75,9
883,3033,2765,100,39
884,1524,1506,75,44
885,1760,1720,50,22
886,2675,1992,50,33
887,4461,4544,100,24
888,4836,4875,50,9
889,4345,4216,75,9
890,341,365,75,49
891,2059,4063,75,40
892,2210,3463,75,3
893,3402,4619,50,10
894,359,502,50,15
895,4313,4150,50,8
896,4054,4347,50,18
897,2298,3274,50,23
898,316,332,75,47
899,3366,2178,75,28
900,1470,1484,50,11
901,1244,3977,75,5
902,303,317,100,23
903,2133,2238,100,36
904,1933,2782,100,2
905,1819,1865,75,6
906,2377,2273,100,40
907,276,3742,50,49
908,2558,2294,100,0
909,2800,3200,75,4
910,744,2934,75,25
911,3736,3682,75,2
912,1575,1338,100,34
913,2155,2558,50,11
914,3229,4219,50,37
915,404,642,50,31
916,4354,4151,100,35
917,1718,1813,75,49
918,4006,3971,75,31
919,110,177,100,39
920,2884,3554,50,37
921,490,318,100,24
922,1134,1329,50,26
923,1707,1824,50,20
924,271,3724,50,30
925,271,582,75,39
926,217,1660,75,35
927,1003,1337,75,19
928,289,484,75,9
929,4886,4885,50,9
930,212,604,50,16
931,4323,4384,100,35
932,176,4215,50,16
933,4402,4375,100,34
934,1494,1059,75,12
935,266,443,100,4
936,1275,3023,50,29
937,3823,4629,50,29
938,3910,3625,50,19
939,3462,2580,75,2
940,2221,2372,50,4
941,4122,4180,50,34
942,23,31,50,44
943,3855,3654,50,24
944,212,118,100,24
945,3431,2052,100,37
946,1955,2982,50,16
947,445,487,50,38
948,3342,2089,50,42
949,238,1650,100,26
950,232,53,50,24
951,2337,2548,50,1
952,148,185,75,29
953,671,1074,50,32
954,2101,3309,100,47
955,223,94,50,6
956,4398,4233,100,39
957,3088,2387,50,46
958,1341,772,75,24
959,4981,4999,100,43
960,2188,3552,100,9
961,1027,4664,75,46
962,1609,4128,75,26
963,2942,2360,100,35
964,4684,4780,100,49
965,4879,4882,50,18
966,1105,1408,50,2
967,3999,3651,50,16
968,3233,2825,50,17
969,787,1533,50,12
970,2981,3441,50,33
971,139,3043,50,7
972,1491,834,100,40
973,1028,1392,50,19
974,153,255,50,21
975,1569,3109,50,44
976,2326,3195,100,14
977,2767,3271,50,20
978,3102,3007,100,7
979,453,308,75,37
980,1968,2861,100,0
981,1005,1617,75,19
982,954,982,75,2
983,4947,4927,100,23
984,2101,3118,75,0
985,136,85,100,47
986,4123,4454,75,50
987,236,88,50,24
988,3590,2192,75,6
989,3159,3513,75,42
990,1325,1585,100,29
991,1808,1821,100,13
992,2901,3465,50,1
993,4498,4483,50,6
994,149,715,75,22
995,4088,4331,75,17
996,413,4912,75,30
997,3823,4042,50,48
998,1760,4560,50,29
999,2906,2633,75,42
1000,89,32,75,38
1001,534,4787,75,50
1002,1449,862,50,29
1003,354,1726,100,17
1004,1179,860,50,14
1005,2191,2914,50,28
1006,4354,4845,75,16
1007,2735,3014,100,40
1008,495,731,100,39
1009,3240,2845,100,28
1010,23,182,50,38
1011,748,568,50,15
1012,2594,2742,100,6
1013,4769,4568,100,14
1014,1594,1474,75,47
1015,1507,1153,100,18
1016,3827,3889,50,11
1017,3935,3920,100,25
1018,813,1386,75,4
1019,4768,4848,50,24
1020,1159,1768,50,14
1021,1393,1206,50,27
1022,2507,2178,75,22
1023,174,53,50,4
1024,1131,1360,100,41
1025,4260,4192,100,2
1026,674,692,75,31
1027,394,4325,75,15
1028,2334,3125,50,43
1029,2397,2677,50,5
1030,4968,4910,50,34
1031,2738,1913,100,25
1032,411,295,100,21
1033,4352,4439,75,26
1034,441,4748,50,10
1035,1607,976,75,14
1036,367,501,75,2
1037,4615,4536,75,18
1038,131,1095,50,3
1039,428,269,75,28
1040,617,4968,75,33
1041,577,703,75,29
1042,799,964,100,19
1043,1573,1347,100,24
1044,4292,4438,100,40
1045,4474,4705,100,33
1046,1318,1353,100,17
1047,2987,2976,100,16
1048,206,494,100,4
1049,307,615,75,0
1050,1296,874,100,15
1051,4370,4146,75,6
1052,3784,4576,50,3
1053,2970,3132,75,29
1054,460,4757,50,48
1055,1285,1157,50,28
1056,2052,2538,75,48
1057,1088,1589,50,41
1058,703,580,75,20
1059,1987,3275,100,19
1060,4839,4954,100,12
1061,4463,4865,50,2
1062,2733,3266,75,33
1063,1377,1317,50,7
1064,2676,2292,50,28
1065,1493,1430,50,36
1066,2400,2539,100,48
1067,506,261,75,3
1068,3201,3040,50,17
1069,681,694,100,1
1070,193,141,50,5
1071,3877,3906,75,18
1072,1970,2537,75,5
1073,781,1606,75,21
1074,1200,1139,100,27
1075,2968,1927,75,17
1076,3749,3985,50,14
1077,1567,1285,50,42
1078,218,579,100,33
1079,3724,4001,75,42
1080,2135,3165,100,46
1081,3302,2460,75,44
1082,2552,3104,75,23
1083,821,776,50,14
1084,2196,2250,100,6
1085,592,741,75,49
1086,2847,3289,100,1
1087,904,1549,50,46
1088,272,311,50,23
1089,869,861,50,0
1090,4904,4984,50,19
1091,1833,4908,100,44
1092,4777,4970,100,37
1093,1632,4803,50,24
1094,2679,2853,100,25
1095,4808,4826,75,13
1096,441,1742,100,24
1097,140,486,100,7
1098,3997,3726,100,39
1099,4007,4658,75,41
1100,3676,3619,75,15
1101,1520,1544,50,29
1102,604,4272,50,36
1103,2658,3409,75,48
1104,2585,3545,75,44
1105,1696,1760,50,17
1106,717,688,100,31
1107,1099,1026,100,46
1108,3729,3616,50,12
1109,4571,4597,100,35
1110,1245,1113,75,33
1111,4091,4109,75,21
1112,1497,1225,100,15
1113,3435,3376,100,9
1114,3139,3370,75,42
1115,231,3816,75,35
1116,1549,2290,75,42
1117,1423,1461,50,16
1118,1930,2260,100,5
1119,2971,3786,50,17
1120,4295,4233,100,12
1121,1992,3508,50,48
1122,3473,4875,75,38
1123,131,1103,75,28
1124,1162,1390,50,27
1125,424,4420,50,23
1126,4188,4371,75,35
1127,763,4169,100,6
1128,19,311,75,14
1129,2679,2770,75,29
1130,835,1202,100,8
1131,1027,1453,50,45
1132,392,4885,50,24
1133,3546,2963,50,21
1134,4474,4897,50,25
1135,1488,1570,100,37
1136,165,124,100,39
1137,683,662,50,23
1138,1798,4182,75,25
1139,1590,1788,75,25
1140,3068,2948,50,37
1141,1549,1474,100,44
1142,1089,1259,100,28
1143,668,572,50,6
1144,2149,2387,75,42
1145,46,196,100,41
1146,902,975,75,23
1147,3707,4927,75,0
1148,2355,3031,50,38
1149,574,711,100,15
1150,2670,3541,75,42
1151,4159,4140,50,30
1152,1969,3325,100,6
1153,4526,4515,100,34
1154,4059,4146,75,25
1155,4449,4473,100,37
1156,2756,2645,50,23
1157,4701,4764,75,8
1158,4398,4298,100,41
1159,686,567,50,21
1160,448,2653,50,39
1161,1508,1007,50,24
1162,627,1795,50,0
1163,4742,4702,50,42
1164,3733,3807,50,50
1165,3873,3920,50,42
1166,1185,1369,100,3
1167,2068,1939,50,20
1168,3600,3826,75,4
1169,953,1875,75,4
1170,4220,4432,100,29
1171,2020,2546,50,35
1172,2760,2754,75,50
1173,4251,4657,75,49
1174,459,447,100,39
1175,304,373,100,32
1176,229,535,50,8
1177,3543,3079,50,14
1178,1953,2938,50,3
1179,1772,1823,100,47
1180,2282,2470,100,32
1181,3354,3030,50,41
1182,2663,3110,50,33
1183,120,222,75,42
1184,3169,3026,75,36
1185,3264,3220,100,3
1186,3629,3778,100,43
1187,3811,3684,100,35
1188,4343,4284,75,30
1189,122,578,50,12
1190,478,441,100,13
1191,4909,4923,50,3
1192,4246,4059,75,42
1193,260,446,75,33
1194,237,2607,50,31
1195,887,1238,100,29
1196,859,1454,100,15
1197,2656,3101,100,26
1198,535,540,75,20
1199,464,328,100,26
1200,911,1384,50,38
1201,677,4352,50,8
1202,393,445,50,49
1203,756,687,100,35
1204,1264,1620,50,8
1205,657,3991,50,26
1206,73,65,50,48
1207,673,4988,50,33
1208,3371,1969,100,25
1209,3310,2568,75,7
1210,4676,4528,75,24
1211,762,666,50,40
1212,1670,4338,100,40
1213,4195,4054,100,14
1214,3203,3540,50,9
1215,1035,1501,50,26
1216,472,295,75,48
1217,4632,4444,50,44
1218,437,545,100,27
1219,3622,3638,100,15
1220,1629,1785,75,32
1221,3521,2091,50,20
1222,4096,4602,100,39
1223,280,443,100,4
1224,4277,4079,75,29
1225,103,4787,75,17
1226,478,418,50,15
1227,248,132,50,14
1228,3636,5000,100,42
1229,3879,3956,50,45
1230,1597,1428,100,46
1231,2827,2714,50,42
1232,2712,2573,50,21
1233,1250,1551,50,50
1234,4097,4371,100,9
1235,2157,2839,100,25
1236,1318,851,75,6
1237,3988,3628,50,24
1238,1668,1719,100,15
1239,2693,2322,75,37
1240,409,367,75,38
1241,658,4841,100,36
1242,4175,4224,75,10
1243,473,681,50,20
1244,4331,4274,50,39
1245,2264,3072,75,48
1246,4840,4852,75,16
1247,1678,4332,75,43
1248,1586,1000,100,17
1249,4937,4993,50,47
1250,4717,4465,100,27
1251,485,399,100,46
1252,2787,3137,100,27
1253,461,339,100,7
1254,1611,776,50,4
1255,2550,3436,75,50
1256,159,15,50,14
1257,2346,2072,50,27
1258,237,4311,75,1
1259,10,4124,100,45
1260,1222,1465,100,1
1261,2230,2212,75,35
1262,3139,2627,75,30
1263,755,3729,50,21
1264,348,258,75,44
1265,4121,4534,75,38
1266,1579,1346,100,42
1267,4778,4816,100,3
1268,4466,4796,100,24
1269,1849,1813,100,10
1270,750,4742,75,33
1271,3132,2563,75,39
1272,1621,1271,50,10
1273,2259,2132,75,36
1274,2592,3318,50,44
1275,3186,1925,50,1
1276,4436,4474,100,46
1277,4849,4949,75,24
1278,4973,4960,50,29
1279,3053,2110,50,7
1280,1637,1853,75,11
1281,146,33,100,25
1282,1395,863,75,46
1283,3764,4933,50,13
1284,1325,1134,50,12
1285,3783,3943,75,32
1286,638,645,75,4
1287,507,264,100,50
1288,2745,3556,50,11
1289,456,482,100,20
1290,124,246,75,42
1291,2124,3335,100,37
1292,357,3883,100,31
1293,694,3299,75,49
1294,766,4833,50,46
1295,2806,2640,75,50
1296,4223,4219,100,12
1297,1123,1615,100,22
1298,2645,2509,75,37
1299,4535,4587,75,48
1300,2244,3060,75,4
1301,1353,1486,100,41
1302,993,1082,50,16
1303,265,274,100,28
1304,2731,3586,75,43
1305,1630,1792,50,4
1306,2715,2913,50,30
1307,60,46,100,13
1308,3495,2146,75,29
1309,172,234,50,13
1310,4340,4336,100,33
1311,2530,3026,75,9
1312,88,3895,75,25
1313,3751,3677,100,29
1314,1013,1196,75,6
1315,4056,4407,50,10
1316,1762,1676,75,35
1317,2816,1918,75,46
1318,659,575,50,13
1319,1670,1686,50,1
1320,2238,2255,50,34
1321,4801,4941,50,23
1322,3679,3626,75,15
1323,4504,4708,50,47
1324,1876,3273,100,44
1325,312,315,50,36
1326,1147,1107,50,40
1327,418,495,75,40
1328,3309,3282,100,8
1329,1959,3319,100,29
1330,4862,4836,50,10
1331,3950,3901,50,2
1332,193,3114,75,43
1333,1861,4349,100,33
1334,1288,1049,100,12
1335,4079,4388,50,10
1336,2212,3347,100,28
1337,822,948,50,45
1338,2967,2129,75,22
1339,4169,4121,75,34
1340,1025,857,75,9
1341,2438,3209,50,0
1342,737,766,75,8
1343,653,638,50,4
1344,3303,1888,100,28
1345,3968,3598,50,35
1346,1971,2435,75,8
1347,4517,4832,100,30
1348,225,4903,75,43
1349,4493,4565,50,27
1350,1562,1544,100,45
1351,429,282,50,31
1352,1873,3265,100,44
1353,177,1812,75,48
1354,1615,1217,50,40
1355,1860,1778,75,20
1356,2138,3440,50,10
1357,83,46,100,46
1358,4403,4432,100,20
1359,1389,808,75,21
1360,529,990,50,43
1361,3726,3718,100,1
1362,1839,4846,50,23
1363,2200,2176,50,2
1364,3695,3652,100,7
1365,29,188,100,19
1366,4265,4253,100,34
1367,4048,3612,75,45
1368,2181,2040,50,8
1369,3777,3622,75,11
1370,1548,1569,50,44
1371,2771,2751,50,0
1372,1080,1386,50,26
1373,3030,2721,50,28
1374,1386,1152,50,8
1375,939,1161,50,20
1376,4112,4097,50,9
1377,601,747,100,41
1378,758,735,100,14
1379,3292,2524,50,45
1380,719,677,50,42
1381,4045,4461,75,43
1382,3084,3275,50,40
1383,3800,3667,75,12
1384,4012,3956,75,21
1385,3266,2646,50,36
1386,1113,1591,50,27
1387,618,663,100,9
1388,445,1799,100,1
1389,2328,2370,100,7
1390,1601,802,75,45
1391,297,4481,75,14
1392,1800,1764,50,27
1393,137,190,75,39
1394,1473,1773,75,35
1395,3498,2796,75,46
1396,3343,3501,100,19
1397,3763,4543,50,15
1398,1146,1344,50,0
1399,4253,4249,75,23
1400,3459,4904,75,16
1401,3812,3698,50,1
1402,41,4821,75,6
1403,1766,1807,75,25
1404,2548,4368,75,37
1405,676,2047,75,0
1406,462,1781,50,43
1407,3782,3886,100,18
1408,1224,953,75,50
1409,4447,4673,100,21
1410,580,1012,100,1
1411,2111,2412,50,21
1412,754,619,100,41
1413,2410,3200,50,31
1414,1578,928,75,19
1415,155,4603,50,37
1416,286,3823,75,44
1417,1555,1235,50,33
1418,4950,4780,50,37
1419,3364,2117,50,18
1420,2597,2210,50,7
1421,640,732,75,0
1422,543,401,75,1
1423,1602,1440,100,39
1424,4662,4699,75,39
1425,1463,1433,100,45
1426,1641,3649,75,6
1427,2203,3195,100,46
1428,4064,4953,50,7
1429,4040,3971,75,10
1430,485,4288,100,21
1431,2687,3264,75,10
1432,1246,770,100,15
1433,4771,4464,100,10
1434,3950,4623,50,42
1435,1316,4473,100,3
1436,4607,4773,75,32
1437,4785,4782,100,12
1438,1848,3265,75,41
1439,625,593,75,40
1440,2267,2113,75,15
1441,2332,3042,75,17
1442,601,741,100,3
1443,3947,3636,100,45
1444,802,970,75,31
1445,2576,2586,75,11
1446,2668,2228,75,47
1447,96,693,100,12
1448,4178,4228,100,23
1449,3128,2589,50,49
1450,4401,4550,50,5
1451,344,584,50,21
1452,3818,3708,50,20
1453,1301,1384,75,32
1454,187,243,100,27
1455,4165,4233,50,29
1456,1204,856,75,45
1457,4896,4877,100,35
1458,236,24,100,11
1459,2887,3481,75,2
1460,1835,4133,50,5
1461,453,1947,75,17
1462,2187,2679,100,37
1463,3554,3001,50,15
1464,4949,4919,50,16
1465,858,1271,75,34
1466,4274,4414,100,0
1467,2396,3464,100,48
1468,1220,1538,100,30
1469,601,722,50,34
1470,340,728,75,4
1471,3412,3112,75,8
1472,4864,4919,50,38
1473,2183,4419,50,23
1474,4375,4996,100,21
1475,3773,3799,100,49
1476,1399,1112,75,42
1477,2665,2364,100,23
1478,3996,4686,100,11
1479,292,4772,50,20
1480,461,509,100,50
1481,4055,4300,75,36
1482,1339,1079,75,28
1483,2531,2172,75,28
1484,2318,3454,75,38
1485,1985,2909,100,5
1486,2337,3037,50,43
1487,1797,2616,50,50
1488,1050,1576,75,37
1489,1693,1774,100,14
1490,1408,1442,50,45
1491,395,294,75,48
1492,3936,3767,75,29
1493,1350,1453,75,9
1494,3895,3700,75,16
1495,2885,2600,75,49
1496,245,1834,100,6
1497,610,589,50,24
1498,782,839,50,35
1499,2064,2146,100,22
1500,415,295,100,36
1501,2366,4436,75,2
1502,4758,4647,50,22
1503,2797,2699,100,10
1504,4683,4551,50,7
1505,2858,2341,50,12
1506,3445,2247,75,45
1507,3250,3433,100,38
1508,4954,4923,75,3
1509,1788,4897,50,32
1510,2353,3589,50,17
1511,1413,1468,75,27
1512,4599,4544,100,47
1513,453,426,50,8
1514,172,94,100,32
1515,586,576,100,36
1516,1635,1827,100,37
1517,3731,3736,100,46
1518,2449,2850,50,0
1519,72,216,100,31
1520,1172,4854,75,24
1521,2759,2884,50,47
1522,3082,2789,50,47
1523,215,4009,50,46
1524,4659,4458,100,38
1525,1634,1733,100,30
1526,992,1248,100,38
1527,2658,2425,50,29
1528,2819,2771,50,40
1529,4341,4384,75,44
1530,2646,2324,75,3
1531,190,239,50,13
1532,1125,879,100,43
1533,1190,1457,75,47
1534,847,1088,100,33
1535,4758,4727,100,22
1536,702,4253,50,32
1537,1440,1212,75,46
1538,4968,4843,100,35
1539,736,1685,100,32
1540,841,1577,75,32
1541,3654,4254,100,6
1542,2368,3410,100,49
1543,4184,4193,75,49
1544,1355,1043,50,36
1545,266,4910,75,25
1546,4410,4339,100,15
1547,1374,1103,50,45
1548,731,668,100,0
1549,1356,1452,100,0
1550,3986,4909,75,15
1551,4492,4568,75,37
1552,4970,4922,75,39
1553,346,316,100,39
1554,246,1101,100,41
1555,4230,4150,75,50
1556,2713,2626,75,20
1557,3659,4031,75,43
1558,6,22,100,42
1559,2491,2649,75,19
1560,372,691,75,7
1561,183,55,50,28
1562,733,664,75,37
1563,2597,2950,50,47
1564,2545,3060,75,8
1565,2833,1872,75,40
1566,3519,2029,75,18
1567,3703,4087,100,14
1568,1705,1677,75,49
1569,1728,1685,75,22
1570,1322,1330,100,6
1571,4203,4145,100,25
1572,3241,3385,50,46
1573,4151,4210,75,15
1574,1183,979,75,37
1575,119,231,100,32
1576,3386,3287,50,39
1577,3468,3550,100,21
1578,161,73,100,40
1579,1538,1363,100,36
1580,303,711,100,3
1581,2453,1999,75,38
1582,805,1076,100,50
1583,925,1000,100,27
1584,3779,3616,75,32
1585,4364,4195,75,28
1586,1743,1821,100,48
1587,4440,4133,50,43
1588,585,705,75,21
1589,9,69,75,42
1590,2088,2309,100,4
1591,12,113,75,30
1592,2771,2006,100,19
1593,655,746,50,19
1594,4446,4665,100,2
1595,502,702,75,44
1596,3753,3719,50,3
1597,89,1700,75,41
1598,847,944,100,6
1599,3006,4573,100,29
1600,378,796,75,24
1601,3490,2137,50,43
1602,2806,2007,100,12
1603,3525,4449,75,42
1604,2202,3223,50,41
1605,1149,826,100,0
1606,4263,4184,75,32
1607,3362,3457,100,13
1608,1793,3170,75,37
1609,1033,1190,50,9
1610,3899,4033,50,12
1611,1162,1135,100,45
1612,1218,924,100,20
1613,2171,2563,75,0
1614,4533,4520,50,12
1615,176,198,75,37
1616,3327,2389,100,38
1617,384,670,75,8
1618,1354,1554,100,21
1619,309,1662,100,49
1620,4806,4911,50,46
1621,2350,3295,50,14
1622,2719,3521,50,48
1623,3617,4394,50,43
1624,233,1969,75,20
1625,1703,3947,50,10
1626,2329,3093,75,15
1627,386,439,75,44
1628,1549,879,100,45
1629,912,1271,75,7
1630,385,4832,75,39
1631,788,1136,75,9
1632,331,574,75,38
1633,2524,3271,100,3
1634,3191,4636,50,8
1635,357,3383,50,15
1636,3540,2268,75,30
1637,1076,1220,75,4
1638,157,674,75,27
1639,1759,3898,100,21
1640,1698,1747,50,37
1641,1150,1395,50,45
1642,3942,3770,75,20
1643,3752,3689,75,22
1644,2395,3145,100,28
1645,1204,1416,50,9
1646,1379,1525,50,2
1647,956,1230,75,7
1648,1710,3495,75,16
1649,4731,4519,50,12
1650,462,436,75,19
1651,700,580,75,50
1652,1814,1866,75,36
1653,2107,2014,75,30
1654,4262,4163,75,7
1655,2514,3419,50,6
1656,2344,2760,100,36
1657,3531,2183,50,42
1658,1404,1507,100,5
1659,3684,3613,100,9
1660,390,521,75,43
1661,2563,2066,100,48
1662,3706,3927,50,26
1663,4074,4191,75,1
1664,4166,4412,75,47
1665,43,2230,75,6
1666,89,4091,50,10
1667,1445,882,50,34
1668,2759,2980,100,15
1669,2690,2478,100,45
1670,57,4323,100,1
1671,1987,2665,75,24
1672,903,1624,75,18
1673,22,456,75,35
1674,4695,4667,100,22
1675,3571,2510,50,42
1676,3790,3918,50,16
1677,4645,4600,75,23
1678,657,731,75,21
1679,951,881,100,21
1680,2761,3524,50,8
1681,351,266,75,13
1682,403,341,100,21
1683,3497,2098,75,0
1684,2914,3031,75,31
1685,2097,2052,75,49
1686,2182,3558,100,38
1687,3084,3123,100,19
1688,2065,3202,50,14
1689,2095,3374,100,8
1690,479,474,75,26
1691,3973,3678,50,36
1692,436,358,100,38
1693,2264,2982,50,16
1694,4053,4216,100,26
1695,1674,1698,50,1
1696,2349,2994,100,11
1697,4724,4523,100,47
1698,3679,4389,50,25
1699,3623,3622,100,24
1700,2753,2203,100,42
1701,1016,4168,50,27
1702,2291,2895,100,1
1703,3485,2285,50,43
1704,3397,2038,50,9
1705,3160,2978,50,36
1706,948,2682,75,23
1707,1332,1079,75,43
1708,1,4090,50,25
1709,3488,2189,50,29
1710,1390,923,100,2
1711,2908,3365,75,41
1712,593,4677,75,1
1713,3624,3862,100,4
1714,3433,3375,75,43
1715,208,669,50,11
1716,280,474,50,3
1717,4014,3889,50,37
1718,2970,2938,50,16
1719,2413,2374,75,39
1720,2824,3110,50,29
1721,2811,2898,75,38
1722,1780,1736,75,10
1723,2373,2976,50,24
1724,1756,1674,50,46
1725,78,201,50,35
1726,3551,2685,100,12
1727,3905,4037,100,15
1728,4122,4217,100,14
1729,1286,1374,100,47
1730,4616,4607,100,4
1731,1212,1410,100,38
1732,3969,3744,50,36
1733,3112,4452,75,50
1734,2160,3434,100,39
1735,2491,1996,50,7
1736,2679,2860,50,21
1737,235,158,50,1
1738,3013,2588,75,5
1739,4197,4259,50,11
1740,4540,4752,75,2
1741,574,2709,50,35
1742,1236,1298,50,9
1743,598,4256,100,14
1744,2960,2086,100,29
1745,744,1778,75,47
1746,1090,777,75,11
1747,1422,1294,75,49
1748,168,345,50,20
1749,4068,4135,75,39
1750,4786,4877,100,20
1751,1993,1905,75,47
1752,396,1765,100,34
1753,679,4494,75,50
1754,98,22,50,35
1755,1601,1320,50,3
1756,3377,2838,75,12
1757,4106,4335,50,10
1758,4836,4779,100,42
1759,4977,4870,100,44
1760,1,1683,100,47
1761,1728,1823,50,5
1762,440,362,50,26
1763,4867,4875,100,35
1764,3439,3025,50,18
1765,2976,3229,75,26
1766,656,1743,100,26
1767,2850,3344,75,32
1768,3652,4911,100,20
1769,3184,3513,50,47
1770,738,598,75,31
1771,4503,4465,75,0
1772,4596,4570,100,26
1773,1956,2673,100,1
1774,2732,3012,100,27
1775,1605,2634,75,28
1776,4634,4513,50,44
1777,628,634,100,16
1778,2846,2148,75,11
1779,2233,2245,75,29
1780,321,1784,50,28
1781,1417,1430,100,29
1782,1928,2397,100,16
1783,2664,2489,75,31
1784,2534,2630,100,34
1785,2536,2217,75,0
1786,4170,4325,75,0
1787,42,71,100,44
1788,3703,3644,100,17
1789,4357,4080,75,20
1790,897,1441,75,29
1791,292,499,75,49
1792,3665,3916,50,27
1793,1669,3809,50,9
1794,2985,3366,100,32
1795,1711,1811,100,38
1796,2218,2238,75,9
1797,1464,1628,100,19
1798,2508,2075,50,25
1799,4859,4901,100,3
1800,292,286,100,8
1801,282,443,100,50
1802,487,490,50,25
1803,3434,2617,100,46
1804,1665,1705,50,45
1805,3390,3367,100,48
1806,4288,4112,75,16
1807,1592,1351,50,28
1808,1384,975,50,0
1809,1289,1314,75,12
1810,1309,989,75,4
1811,4087,4404,100,33
1812,4318,4359,75,2
1813,805,4314,75,24
1814,2226,3531,100,45
1815,181,3494,75,34
1816,2270,1887,100,0
1817,2244,2515,50,4
1818,892,1222,100,41
1819,3571,3221,75,24
1820,1686,1752,75,30
1821,1641,4103,100,23
1822,4234,4269,100,4
1823,1052,1157,50,29
1824,3818,3972,100,33
1825,1595,1174,50,7
1826,416,372,50,48
1827,3071,3106,75,8
1828,4763,4661,100,43
1829,4467,4753,75,15
1830,1927,3280,75,43
1831,175,246,100,17
1832,120,175,50,25
1833,2974,3085,50,5
1834,2456,2216,100,38
1835,3375,2921,50,39
1836,1536,1626,100,43
1837,3890,3781,75,35
1838,2627,3555,50,33
1839,3168,3322,75,0
1840,3656,3857,100,7
1841,4078,4143,75,0
1842,3063,2815,100,32
1843,3224,3160,100,43
1844,154,4911,75,31
1845,2793,2035,50,23
1846,4738,4711,50,2
1847,4860,4983,75,29
1848,978,1202,100,6
1849,4319,4252,100,3
1850,43,4145,75,18
1851,2297,2949,50,18
1852,4026,3866,50,14
1853,383,509,75,35
1854,141,3764,100,23
1855,4063,4429,100,28
1856,3342,3041,100,24
1857,874,1222,75,44
1858,162,76,50,41
1859,2734,3066,75,26
1860,4243,4097,50,42
1861,3392,2901,50,20
1862,238,7,50,5
1863,2267,2127,50,36
1864,63,124,50,3
1865,385,530,100,30
1866,2839,2497,50,6
1867,4230,4114,75,35
1868,3043,1988,100,23
1869,1765,1833,50,46
1870,2119,1955,50,0
1871,327,411,75,3
1872,2688,2010,50,22
1873,4712,4903,100,18
1874,3663,3817,100,30
1875,2911,3343,50,43
1876,2296,2591,100,14
1877,3310,1882,100,43
1878,3406,3591,100,11
1879,188,3916,50,5
1880,1448,4567,50,43
1881,1727,1839,50,39
1882,3031,2248,75,23
1883,3651,3643,100,50
1884,1462,1395,100,30
1885,676,607,75,41
1886,795,929,75,43
1887,3436,3199,100,41
1888,128,152,100,21
1889,388,389,100,14
1890,2712,2024,100,27
1891,494,423,75,38
1892,1315,1604,100,28
1893,1615,1038,100,19
1894,1660,1638,75,48
1895,1870,2145,50,22
1896,1037,913,50,24
1897,904,1288,100,43
1898,390,4949,100,39
1899,739,694,100,16
1900,983,789,100,41
1901,1959,2724,50,3
1902,1541,1442,75,5
1903,3946,4442,75,18
1904,1316,1548,50,22
1905,3852,4284,100,13
1906,4438,4231,75,18
1907,3570,3438,50,50
1908,3824,3661,100,23
1909,233,4577,50,12
1910,218,752,50,29
1911,2113,3483,100,49
1912,3572,3548,50,28
1913,4016,3609,75,50
1914,4743,4698,75,47
1915,4700,4693,100,49
1916,3203,3398,100,38
1917,3367,2347,75,24
1918,1253,1227,100,7
1919,1005,1501,100,43
1920,58,179,75,49
1921,4266,4063,50,33
1922,580,635,75,21
1923,807,1035,75,49
1924,4171,4095,50,50
1925,3774,3822,75,19
1926,144,34,100,42
1927,2881,3280,50,23
1928,2072,3025,100,19
1929,1566,1012,100,46
1930,3630,4791,75,33
1931,2501,2070,100,5
1932,331,738,75,17
1933,4455,4741,100,39
1934,2177,3392,50,32
1935,1355,1183,50,13
1936,847,1274,75,32
1937,352,620,75,10
1938,4407,4382,75,47
1939,869,877,50,43
1940,1940,2262,75,28
1941,2071,3276,75,16
1942,7,77,75,1
1943,3204,2215,100,39
1944,4458,4457,100,35
1945,3713,3792,75,13
1946,1505,3661,50,16
1947,1733,1768,75,48
1948,239,244,50,20
1949,50,254,50,28
1950,1833,1773,100,37
1951,237,601,50,6
1952,275,489,50,5
1953,362,534,100,3
1954,1952,4432,100,33
1955,4387,4251,75,44
1956,792,1590,50,34
1957,727,3988,75,26
1958,2097,2883,100,27
1959,1594,837,100,39
1960,132,157,100,42
1961,332,373,100,20
1962,1572,901,100,14
1963,711,647,50,4
1964,1683,1862,50,22
1965,3664,3967,100,26
1966,4425,4449,50,32
1967,1610,1223,100,13
1968,2237,2637,50,42
1969,954,1197,75,46
1970,1653,1686,100,12
1971,1733,2029,100,17
1972,2482,3342,100,34
1973,4949,4810,50,48
1974,1806,1720,50,9
1975,1726,1638,50,42
1976,314,421,75,16
1977,1777,4991,50,22
1978,3868,4042,100,31
1979,3738,3967,100,8
1980,2715,2390,50,21
1981,2920,3249,75,18
1982,1155,827,100,10
1983,1763,4189,100,33
1984,1290,1534,75,50
1985,4337,4097,100,6
1986,17,4692,100,39
1987,4118,4095,50,4
1988,207,104,75,30
1989,4936,4808,100,16
1990,604,3734,100,46
1991,2421,2787,100,17
1992,81,887,75,19
1993,4881,4857,75,0
1994,1498,776,75,11
1995,4827,4966,100,15
1996,3388,2171,75,6
1997,630,4441,75,46
1998,259,3623,100,16
1999,2639,2377,100,30
2000,3798,3824,50,5
2001,547,546,75,27
2002,3461,3031,50,29
2003,130,4501,50,31
2004,48,197,75,34
2005,3669,4012,50,17
2006,2280,2803,75,9
2007,2957,3451,100,11
2008,3335,3133,75,28
2009,173,154,75,39
2010,4094,4332,100,33
2011,4875,4838,100,39
2012,142,113,75,37
2013,570,731,100,33
2014,851,4490,75,30
2015,305,542,75,18
2016,2543,2894,75,21
2017,3516,2500,100,16
2018,134,7,75,48
2019,1547,1011,75,4
2020,2782,2526,50,17
2021,3091,2380,50,7
2022,4580,4648,100,8
2023,559,570,100,37
2024,710,730,100,13
2025,743,684,75,0
2026,4700,4814,100,21
2027,3705,4907,100,27
2028,4588,4441,50,44
2029,4513,4458,75,21
2030,2011,2885,100,4
2031,906,1245,100,37
2032,4767,4539,50,16
2033,994,1119,75,15
2034,5,621,100,38
2035,3448,3014,50,7
2036,3304,3761,50,17
2037,653,563,100,18
2038,3759,3769,75,30
2039,1174,884,100,15
2040,238,1783,75,46
2041,476,467,100,22
2042,545,382,75,7
2043,1928,2051,50,23
2044,3681,3694,75,35
2045,219,4793,75,8
2046,713,613,100,8
2047,548,4903,100,15
2048,2533,2327,50,29
2049,417,4873,50,42
2050,4854,4943,75,21
2051,658,653,100,16
2052,3745,4637,100,1
2053,55,705,75,14
2054,1141,1278,50,24
2055,3696,3966,50,8
2056,4184,4172,100,8
2057,4797,4901,75,40
2058,1672,4817,75,15
2059,65,4286,50,3
2060,1230,770,50,28
2061,4412,4250,100,11
2062,4645,4815,100,45
2063,565,1403,75,4
2064,1325,3818,100,26
2065,4371,4202,100,41
2066,4391,4133,50,18
2067,2608,1898,75,29
2068,4803,4982,75,26
2069,2857,2485,50,4
2070,121,4856,50,8
2071,415,3619,100,4
2072,3381,3411,50,34
2073,574,584,100,0
2074,3813,4023,75,34
2075,3774,3675,50,35
2076,2220,1903,75,34
2077,4405,4582,50,25
2078,4011,4798,75,4
2079,510,358,75,44
2080,333,495,75,22
2081,4271,4171,100,32
2082,1779,1830,75,32
2083,4309,4143,75,24
2084,2435,3069,50,22
2085,1634,4879,75,20
2086,4061,4229,100,18
2087,23,4145,50,33
2088,4241,4211,50,10
2089,3634,4002,100,35
2090,797,888,100,33
2091,218,3,50,21
2092,512,4513,50,4
2093,4038,3850,50,42
2094,4827,4817,100,45
2095,2083,3085,100,24
2096,4370,4361,75,37
2097,42,1651,50,20
2098,7,981,100,17
2099,4500,4564,75,37
2100,3398,2070,100,38
2101,3203,3004,100,48
2102,3645,4044,75,11
2103,2186,3425,100,32
2104,721,4756,50,44
2105,133,1654,100,18
2106,1418,1244,75,2
2107,639,4056,75,9
2108,482,432,50,15
2109,3314,2112,50,42
2110,4726,4711,50,43
2111,4319,4433,50,39
2112,665,699,100,35
2113,2826,2097,75,5
2114,219,4066,100,48
2115,3463,3128,50,13
2116,4118,4155,100,10
2117,4353,4376,50,13
2118,504,4901,75,24
2119,2861,2561,100,27
2120,230,1196,75,8
2121,261,351,75,47
2122,3247,3348,75,34
2123,1719,1748,75,8
2124,1637,4059,75,34
2125,1067,965,100,42
2126,647,593,75,11
2127,4252,4351,75,9
2128,4930,4947,100,29
2129,2801,2399,100,24
2130,2664,3508,50,46
2131,2003,2762,50,9
2132,693,763,50,32
2133,724,4967,75,28
2134,303,628,100,14
2135,650,622,75,28
2136,841,1630,50,47
2137,102,187,50,26
2138,4773,4708,50,42
2139,4521,4585,100,14
2140,4498,4934,50,17
2141,907,1062,100,40
2142,834,992,75,48
2143,876,1523,100,45
2144,3630,4008,75,30
2145,4075,4127,50,21
2146,4634,4684,75,11
2147,3957,3873,50,41
2148,4589,4879,50,28
2149,1450,1396,75,41
2150,416,4333,100,49
2151,9,61,50,3
2152,673,1197,75,21
2153,4901,4905,50,21
2154,3480,4658,100,22
2155,164,4682,100,37
2156,1819,1824,75,13
2157,71,4720,50,8
2158,4693,4609,75,14
2159,120,4927,100,40
2160,2905,2069,100,8
2161,1152,1421,50,35
2162,3093,2813,75,28
2163,3601,3670,50,19
2164,1543,1522,100,10
2165,743,4847,75,2
2166,2157,1943,100,9
2167,1923,2811,75,21
2168,4289,4114,75,18
2169,3978,3925,75,33
2170,4968,4834,100,46
2171,3702,3642,100,43
2172,1000,1309,50,37
2173,1219,1070,75,29
2174,674,2532,100,2
2175,2653,1970,75,6
2176,1032,1556,50,26
2177,2692,2170,75,35
2178,542,1761,100,4
2179,230,1193,75,50
2180,660,713,100,26
2181,4157,4812,100,50
2182,363,431,75,25
2183,2689,2842,100,29
2184,700,578,50,33
2185,3346,2900,75,50
2186,1974,4880,75,24
2187,4456,4980,100,0
2188,4708,4642,75,17
2189,825,1477,100,42
2190,1689,1695,75,47
2191,3943,3860,100,27
2192,3449,4813,75,47
2193,3388,2039,50,13
2194,698,4029,50,45
2195,4445,4601,50,39
2196,2526,2710,50,44
2197,3848,3896,50,18
2198,1810,3765,100,38
2199,845,1367,75,22
2200,133,76,100,29
2201,1682,2692,100,28
2202,732,598,50,0
2203,2227,3185,100,27
2204,296,495,50,15
2205,4046,4901,100,39
2206,671,573,75,20
2207,408,338,100,37
2208,2101,2459,100,17
2209,3049,3001,50,26
2210,2080,3579,75,2
2211,2292,3065,75,26
2212,353,1636,50,40
2213,1349,3998,100,38
2214,394,352,75,13
2215,1615,846,50,5
2216,2014,2790,50,45
2217,4061,4162,50,14
2218,205,3691,50,36
2219,4046,3767,100,1
2220,4590,4739,100,7
2221,1622,1236,50,46
2222,4633,4736,100,31
2223,752,658,50,48
2224,1221,1210,75,9
2225,1878,3868,100,14
2226,3386,2682,50,22
2227,829,927,75,35
2228,3965,4365,100,3
2229,2533,3647,75,35
2230,1386,997,50,2
2231,3420,2878,100,43
2232,4133,4345,50,7
2233,2580,3203,75,13
2234,4920,4985,50,29
2235,656,729,75,12
2236,2546,3555,75,25
2237,4335,4381,75,1
2238,4926,4901,50,40
2239,3892,3783,100,28
2240,3850,4031,75,10
2241,769,1195,100,49
2242,4968,4881,75,4
2243,87,557,75,24
2244,2079,3025,75,38
2245,281,936,75,42
2246,448,411,100,23
2247,274,4584,75,44
2248,1938,3065,100,42
2249,4619,4539,75,22
2250,938,1017,75,21
2251,192,170,100,21
2252,4805,4934,100,36
2253,430,4197,75,23
2254,1936,2330,50,21
2255,2900,4724,75,41
2256,723,1829,50,44
2257,1561,1018,100,24
2258,1019,1170,50,36
2259,2741,4508,100,40
2260,2578,3023,50,28
2261,3189,2340,50,19
2262,4189,4437,100,23
2263,1360,825,75,4
2264,1782,1729,100,14
2265,4359,4366,100,22
2266,331,382,50,44
2267,969,2022,75,8
2268,1147,1051,100,42
2269,4637,4534,75,9
2270,4380,4099,50,29
2271,4616,4759,100,49
2272,68,4144,100,41
2273,375,309,100,10
2274,1177,898,50,25
2275,667,1093,100,20
2276,4374,4256,50,4
2277,330,271,100,40
2278,890,4281,100,11
2279,271,4054,50,19
2280,1526,1312,75,31
2281,581,3730,75,45
2282,875,831,75,20
2283,1106,1130,50,3
2284,365,329,50,2
2285,2481,2354,100,8
2286,227,249,75,40
2287,1420,4811,75,48
2288,2127,2634,100,16
2289,901,924,75,12
2290,1768,4172,50,32
2291,1584,1458,100,49
2292,4497,4743,100,9
2293,4444,4595,75,3
2294,1952,2751,50,46
2295,3044,2274,75,43
2296,345,4742,50,11
2297,2593,2063,100,5
2298,1985,2207,50,47
2299,3230,2461,75,18
2300,560,1299,50,47
2301,3474,2603,100,11
2302,3566,3381,100,12
2303,4858,4955,75,14
2304,3661,3799,75,41
2305,137,204,50,36
2306,3463,2212,75,5
2307,4767,4604,50,45
2308,458,344,50,35
2309,1125,775,50,23
2310,2590,3361,100,42
2311,4648,4527,50,22
2312,4890,4820,75,36
2313,1545,1024,75,37
2314,3598,4799,100,3
2315,341,1018,100,1
2316,148,3883,75,30
2317,3481,1895,100,16
2318,2675,2216,50,8
2319,807,4509,100,15
2320,176,27,50,20
2321,656,4825,75,26
2322,2451,3193,50,5
2323,3126,2021,100,38
2324,3886,3704,50,50
2325,3867,3909,50,13
2326,1623,1241,75,47
2327,4554,4636,100,14
2328,4464,4883,75,32
2329,1665,4677,100,23
2330,205,144,75,4
2331,4655,4469,50,13
2332,2133,2668,100,49
2333,3328,2592,100,39
2334,2335,2816,75,44
2335,859,1222,50,29
2336,4127,4555,75,34
2337,969,1572,75,5
2338,133,145,50,31
2339,4852,4811,50,18
2340,200,4230,50,7
2341,4111,4435,50,9
2342,1248,1441,50,49
2343,1721,4685,50,39
2344,217,1476,50,44
2345,1066,951,100,13
2346,143,220,100,5
2347,1712,2564,50,2
2348,1908,2045,50,18
2349,1787,3907,100,19
2350,1481,954,100,2
2351,1340,991,50,39
2352,1040,846,100,38
2353,1042,1120,50,35
2354,1679,1757,100,41
2355,2391,4281,100,45
2356,4818,4867,50,37
2357,1723,4966,75,43
2358,4122,4266,75,19
2359,240,89,75,10
2360,3314,2413,50,7
2361,2,174,100,6
2362,4372,4212,100,36
2363,4530,4487,100,2
2364,1095,1565,100,9
2365,17,113,50,42
2366,476,283,50,12
2367,4377,4262,75,25
2368,1233,1284,100,46
2369,1696,4582,100,13
2370,193,43,50,28
2371,3202,2587,50,14
2372,470,4993,75,40
2373,2662,3414,75,31
2374,3525,3469,50,19
2375,3289,2046,100,44
2376,4434,4363,50,30
2377,4517,4672,50,0
2378,3049,2093,100,13
2379,2553,1951,100,35
2380,3583,3019,100,5
2381,1008,1139,100,7
2382,4069,4224,100,50
2383,384,4279,75,18
2384,2910,2371,50,20
2385,3188,2769,50,7
2386,208,242,50,46
2387,4113,4332,50,50
2388,351,1736,50,1
2389,4346,4380,50,17
2390,266,520,75,37
2391,2750,2541,75,27
2392,3938,3898,50,31
2393,199,1249,50,16
2394,2286,2491,100,30
2395,1294,1477,75,22
2396,4439,4298,50,45
2397,162,750,75,29
2398,763,3603,75,48
2399,3746,4733,100,9
2400,4407,4285,75,45
2401,3016,2733,100,29
2402,3871,4034,50,14
2403,3607,3800,50,24
2404,829,1547,100,13
2405,3887,3938,50,25
2406,243,356,50,12
2407,3058,4531,100,31
2408,3128,2032,100,32
2409,2966,2195,100,4
2410,2725,3306,50,41
2411,4156,4171,100,47
2412,1880,2961,50,20
2413,4364,4186,100,48
2414,2191,1929,75,1
2415,2964,3274,50,48
2416,302,4562,100,39
2417,721,3178,75,49
2418,145,184,50,3
2419,2725,2788,75,25
2420,2235,1998,75,1
2421,4276,4149,50,22
2422,1388,1310,100,38
2423,4835,4919,75,25
2424,714,1572,100,25
2425,333,296,75,43
2426,2716,2833,100,15
2427,4638,4765,100,8
2428,3226,2322,50,13
2429,1794,1764,100,29
2430,3618,3644,50,1
2431,4349,4422,75,6
2432,4775,4702,100,43
2433,230,24,75,33
2434,337,469,50,50
2435,25,105,50,37
2436,1932,2928,75,4
2437,4085,4284,75,41
2438,588,699,50,35
2439,2224,3925,75,12
2440,759,1705,50,11
2441,738,3607,50,19
2442,76,174,50,1
2443,497,1790,75,21
2444,534,259,100,49
2445,2098,3340,75,18
2446,4497,4528,75,44
2447,2139,1899,100,44
2448,3589,1902,100,35
2449,560,708,50,39
2450,1198,966,100,10
2451,4195,4189,50,29
2452,3787,3914,75,38
2453,2552,2936,100,0
2454,4055,4093,100,31
2455,3743,4006,50,9
2456,2478,2200,100,20
2457,2703,3089,100,44
2458,337,372,50,43
2459,954,1331,75,35
2460,2792,4259,75,47
2461,128,1785,75,22
2462,3592,3659,75,7
2463,608,1725,50,39
2464,4405,4209,50,36
2465,1807,1824,75,50
2466,2030,3301,50,13
2467,2620,3463,75,33
2468,4060,4838,50,49
2469,4580,4991,50,27
2470,1768,4127,75,34
2471,4343,4283,100,13
2472,523,4630,100,45
2473,2709,2179,75,12
2474,119,4885,75,36
2475,2817,3105,100,12
2476,4880,4848,50,15
2477,694,625,100,1
2478,3233,2224,50,16
2479,132,96,100,15
2480,2207,2709,75,16
2481,644,652,75,23
2482,4921,4925,100,19
2483,1120,1153,75,26
2484,3098,3214,75,33
2485,3377,4749,75,47
2486,3718,3702,75,45
2487,2845,2686,75,6
2488,2882,2791,75,14
2489,1828,1740,75,49
2490,611,680,50,8
2491,3521,2383,50,25
2492,306,4608,50,6
2493,2256,3433,75,21
2494,896,1179,75,10
2495,35,149,100,28
2496,3216,3298,75,25
2497,3588,3131,50,7
2498,4597,4774,75,22
2499,4197,4426,100,19
2500,112,2483,50,32
2501,1598,1355,50,7
2502,708,761,100,49
2503,697,702,75,16
2504,3573,3242,50,23
2505,1571,1450,75,11
2506,152,4778,100,7
2507,4942,4814,100,19
2508,1111,1618,100,13
2509,2860,2741,100,24
2510,4493,4759,50,4
2511,3138,3797,75,34
2512,4720,4458,75,7
2513,4257,4325,50,19
2514,243,187,75,1
2515,4670,4756,50,24
2516,527,478,50,5
2517,4815,4969,100,38
2518,4769,4589,50,25
2519,159,384,100,47
2520,1030,890,50,50
2521,841,1439,75,21
2522,2514,2696,75,45
2523,508,511,100,17
2524,1275,1125,75,22
2525,3419,3046,75,11
2526,813,917,100,25
2527,4433,4350,100,15
2528,359,522,75,32
2529,808,961,75,49
2530,1067,1084,50,31
2531,2994,3115,75,5
2532,1208,793,75,1
2533,4882,4997,50,18
2534,834,772,100,17
2535,2526,2024,100,43
2536,3478,2833,75,17
2537,4952,4918,75,36
2538,568,4688,75,43
2539,4818,4997,75,50
2540,1697,1719,75,1
2541,4785,4930,50,14
2542,3495,3773,50,5
2543,1768,1818,50,38
2544,3640,3756,75,41
2545,1033,4579,50,9
2546,3238,2617,75,49
2547,2683,1964,50,14
2548,4053,4077,100,24
2549,3565,3508,100,30
2550,1086,887,75,43
2551,4970,4839,50,44
2552,3871,3668,50,41
2553,3604,3940,100,49
2554,3442,2196,75,47
2555,3612,3714,50,24
2556,4719,4724,100,14
2557,4762,4451,100,23
2558,1893,2178,100,50
2559,1481,1113,50,37
2560,4585,4664,75,43
2561,975,1506,100,28
2562,3659,3694,50,50
2563,1246,1074,100,12
2564,28,222,75,1
2565,3107,3011,100,38
2566,4928,4819,100,5
2567,2108,3095,75,43
2568,402,371,75,2
2569,915,1597,100,7
2570,429,533,50,12
2571,1641,1716,75,44
2572,2249,3215,75,48
2573,2693,1934,50,15
2574,3268,3244,75,33
2575,267,626,100,16
2576,4444,4684,100,17
2577,1495,1052,50,47
2578,3996,3621,75,29
2579,4399,4973,50,0
2580,2270,2031,100,26
2581,457,295,50,31
2582,2562,4425,100,21
2583,1578,1264,100,42
2584,902,4038,100,21
2585,1486,1544,100,7
2586,4627,4559,75,11
2587,197,4794,100,22
2588,899,1149,75,18
2589,2786,1880,100,47
2590,2689,1967,75,27
2591,4253,4173,100,21
2592,2756,3566,75,8
2593,45,220,50,47
2594,62,6,100,30
2595,1957,4744,100,44
2596,1591,1525,75,27
2597,187,70,50,30
2598,928,1472,75,10
2599,4630,4732,100,0
2600,2341,2097,50,7
2601,4252,4073,75,47
2602,2749,1956,100,4
2603,4865,4984,100,28
2604,715,1711,50,17
2605,1412,1371,75,29
2606,164,1059,100,42
2607,4848,4953,75,44
2608,1760,1652,75,37
2609,62,200,50,14
2610,1683,1701,75,43
2611,741,1713,50,26
2612,2211,3090,100,13
2613,1660,1755,100,14
2614,466,452,50,27
2615,4880,4802,75,46
2616,159,4914,100,38
2617,2474,2787,75,45
2618,473,649,50,43
2619,1585,831,100,2
2620,1647,1724,50,5
2621,4054,4793,75,0
2622,3168,2052,75,35
2623,3753,3808,50,8
2624,3039,1994,100,45
2625,1076,843,100,18
2626,2497,2773,100,41
2627,450,393,75,28
2628,1653,1803,75,4
2629,4680,4925,100,47
2630,3655,3885,50,2
2631,204,3814,75,49
2632,762,3339,100,19
2633,1105,1164,100,18
2634,2349,3691,50,44
2635,2881,4843,75,11
2636,2678,2988,100,45
2637,721,4895,100,15
2638,1015,1530,75,45
2639,4426,4097,75,49
2640,773,1592,50,50
2641,2203,1920,100,12
2642,2363,2312,100,13
2643,4405,4413,75,10
2644,3478,3265,100,34
2645,2697,2460,75,45
2646,1341,903,75,25
2647,4009,3794,100,31
2648,1152,4934,100,35
2649,3687,4842,50,42
2650,2352,3141,50,3
2651,372,1505,50,26
2652,1665,1640,75,24
2653,1912,3046,75,40
2654,1868,2001,75,45
2655,1546,1584,75,6
2656,908,984,50,21
2657,1797,3628,100,35
2658,3113,1886,50,46
2659,3547,2525,100,4
2660,761,4189,100,29
2661,645,560,50,43
2662,1098,4664,100,50
2663,2010,2281,100,17
2664,797,770,50,46
2665,2450,2371,50,31
2666,1559,1543,100,36
2667,3463,2176,50,7
2668,1744,3831,75,7
2669,844,1191,50,19
2670,1808,4069,75,16
2671,1072,3363,75,24
2672,4667,4442,100,41
2673,1689,1725,50,6
2674,1709,1672,100,32
2675,3661,3914,50,3
2676,3611,3919,100,29
2677,3358,1977,75,19
2678,1905,3251,50,46
2679,3468,3421,75,31
2680,1231,1197,50,46
2681,1872,2748,100,33
2682,21,383,100,41
2683,1287,1445,75,45
2684,4025,4647,50,15
2685,468,4962,75,46
2686,2415,2513,100,30
2687,2295,2081,75,35
2688,1368,1482,100,46
2689,3401,3044,75,29
2690,761,1379,50,3
2691,1490,1285,75,35
2692,3138,2513,100,7
2693,145,364,100,9
2694,2761,2475,75,15
2695,602,697,50,21
2696,2135,2074,50,10
2697,3309,2960,50,48
2698,54,2542,100,46
2699,2563,2334,100,1
2700,38,94,100,10
2701,3299,2202,50,25
2702,1372,1310,75,36
2703,1276,1074,100,3
2704,4767,4523,100,26
2705,3396,2900,100,25
2706,520,514,75,46
2707,4506,4545,50,9
2708,3197,2857,100,27
2709,2462,2006,75,46
2710,40,103,50,35
2711,1424,1145,50,36
2712,3045,3095,100,23
2713,4190,4252,75,4
2714,2923,2745,75,19
2715,3029,3455,75,48
2716,1461,1321,100,33
2717,228,79,50,6
2718,3617,4021,100,0
2719,2156,2722,50,12
2720,1883,2070,100,47
2721,1710,1816,75,0
2722,2436,2544,100,37
2723,4645,4606,50,28
2724,4046,3844,50,15
2725,4820,4841,75,33
2726,774,820,50,33
2727,2935,3479,100,32
2728,1848,4508,100,26
2729,294,470,100,45
2730,876,924,75,48
2731,1076,1033,100,14
2732,3120,2835,50,2
2733,74,361,75,50
2734,2962,2740,100,2
2735,4020,3754,100,32
2736,33,1230,50,17
2737,965,813,100,17
2738,753,2416,100,9
2739,1425,1188,100,44
2740,171,25,100,27
2741,3706,3607,75,46
2742,737,837,75,34
2743,1892,3063,75,26
2744,3554,3111,100,11
2745,3549,3047,100,26
2746,140,4862,75,3
2747,2418,3648,75,18
2748,2421,2946,100,17
2749,810,1242,75,25
2750,3785,3976,75,28
2751,1288,781,50,27
2752,3176,2324,75,25
2753,2557,3065,75,43
2754,1960,3663,75,5
2755,2213,3336,100,32
2756,1433,1595,50,32
2757,304,4233,50,28
2758,3430,4811,100,17
2759,1628,784,75,30
2760,4130,4072,100,22
2761,2769,3229,50,2
2762,1214,1238,50,19
2763,1658,1797,75,48
2764,2739,3379,50,48
2765,4708,4522,50,3
2766,3413,3350,50,27
2767,3479,3181,50,25
2768,2921,3518,100,14
2769,216,4133,50,13
2770,3678,4048,50,47
2771,3776,3961,75,42
2772,3417,2441,75,22
2773,2852,2467,50,23
2774,308,4026,75,14
2775,259,2654,50,0
2776,4161,4388,100,45
2777,4096,4871,50,29
2778,4098,4291,75,49
2779,745,583,50,46
2780,756,4863,75,14
2781,2991,3083,75,5
2782,923,3712,75,32
2783,3704,3926,75,9
2784,2897,3054,100,9
2785,589,604,75,29
2786,4080,4070,75,47
2787,3811,3753,75,23
2788,1789,4939,50,8
2789,2998,2442,75,45
2790,1361,4606,100,12
2791,485,473,75,48
2792,1374,1304,100,36
2793,4330,4328,100,1
2794,232,108,50,46
2795,291,422,75,13
2796,412,447,75,46
2797,3326,3152,75,38
2798,2994,2298,50,12
2799,2775,2709,50,31
2800,80,9,75,14
2801,2177,2355,50,16
2802,2237,2102,50,9
2803,4360,4455,100,22
2804,1651,1769,100,25
2805,1654,4815,50,49
2806,3996,4914,100,14
2807,3210,3473,75,8
2808,2142,3538,50,31
2809,4015,4901,100,11
2810,3332,3425,50,21
2811,1943,4999,100,13
2812,2138,2317,50,2
2813,688,582,50,14
2814,2341,2326,100,30
2815,3225,2762,100,44
2816,2798,1962,100,3
2817,1197,1269,50,34
2818,2715,2930,100,37
2819,4149,4225,75,9
2820,3507,2865,100,13
2821,3984,3679,75,2
2822,4163,4492,50,47
2823,1639,1803,75,0
2824,658,3938,75,12
2825,578,4770,50,14
2826,3103,3251,50,43
2827,522,4192,50,40
2828,812,1085,100,34
2829,2296,2082,100,13
2830,562,2499,100,17
2831,53,1821,75,25
2832,1430,1579,100,49
2833,206,228,50,8
2834,2673,3545,75,41
2835,1783,4795,75,35
2836,2764,2790,100,0
2837,2159,2343,75,29
2838,1563,1409,50,28
2839,2465,2407,50,37
2840,3527,2468,100,45
2841,3710,4011,100,40
2842,3810,3744,75,48
2843,222,2314,100,43
2844,3755,4297,50,30
2845,3223,2294,75,36
2846,695,4696,100,24
2847,2196,3099,100,1
2848,4127,4665,100,40
2849,3013,3453,75,18
2850,2147,3024,75,45
2851,689,4240,75,19
2852,4207,4769,75,46
2853,4168,4141,100,9
2854,3376,2631,50,23
2855,1818,1694,75,42
2856,3500,2664,100,34
2857,2292,2482,50,29
2858,2832,3320,100,42
2859,892,1120,50,27
2860,2983,2448,75,1
2861,4690,4578,75,13
2862,4753,4499,100,9
2863,2557,1894,100,28
2864,297,1292,50,41
2865,2998,2015,100,27
2866,4491,4557,100,33
2867,1047,1450,75,39
2868,1987,3312,50,16
2869,4156,4407,100,8
2870,1920,3375,100,35
2871,3527,4505,50,40
2872,1419,1014,100,2
2873,78,654,50,38
2874,3770,4456,75,39
2875,2655,3316,100,29
2876,97,4653,100,43
2877,3096,3396,100,13
2878,2759,2027,100,13
2879,4967,4876,50,44
2880,590,1597,75,1
2881,69,1579,50,10
2882,69,4950,50,38
2883,1395,1369,100,23
2884,364,482,100,43
2885,2320,4048,75,22
2886,1818,1633,75,49
2887,4366,4088,50,43
2888,2433,3535,100,46
2889,794,1398,50,8
2890,1125,831,75,0
2891,4236,4274,75,27
2892,193,4984,75,47
2893,2372,2870,100,33
2894,2004,3030,75,40
2895,3968,3921,100,49
2896,2553,2597,50,25
2897,954,1264,100,29
2898,2406,3530,50,19
2899,1921,2311,75,26
2900,2530,3593,75,5
2901,633,4084,75,36
2902,4988,4976,100,43
2903,720,1694,100,27
2904,1259,2156,50,9
2905,4558,4734,100,37
2906,2361,2346,75,46
2907,4582,4634,100,5
2908,2633,3274,100,0
2909,2273,2172,50,33
2910,724,746,75,11
2911,2823,3075,75,9
2912,290,3660,75,24
2913,149,265,50,9
2914,1218,1274,50,20
2915,2920,2265,75,36
2916,2633,2896,75,15
2917,532,503,100,28
2918,160,3697,75,13
2919,833,1023,100,43
2920,2712,2217,75,14
2921,4448,4689,100,38
2922,491,307,75,39
2923,3160,2942,75,38
2924,1105,1546,75,0
2925,538,259,50,35
2926,3052,3212,100,22
2927,4477,4631,75,50
2928,358,1632,100,18
2929,357,285,75,23
2930,2554,3193,75,49
2931,1807,1633,100,41
2932,4511,4527,75,12
2933,406,336,50,30
2934,1943,2079,50,32
2935,1523,1369,75,13
2936,206,218,50,3
2937,523,3664,50,47
2938,4194,4071,50,1
2939,1368,900,100,9
2940,1148,1153,100,29
2941,24,39,50,24
2942,1314,1081,100,24
2943,2262,2334,50,43
2944,1761,1725,100,10
2945,110,4522,75,47
2946,2555,3572,75,42
2947,4197,4861,75,13
2948,1279,1176,100,45
2949,3904,3818,50,10
2950,136,221,100,13
2951,1530,822,75,32
2952,2598,2374,75,17
2953,3240,2837,100,13
2954,4176,4193,100,4
2955,3148,2606,75,42
2956,2343,2597,75,0
2957,3763,3944,50,37
2958,2695,2627,50,2
2959,2003,4188,100,0
2960,4521,4630,75,35
2961,4313,4083,100,27
2962,2482,2083,75,46
2963,3781,3704,100,1
2964,4409,4241,100,28
2965,4190,4253,50,47
2966,1005,1113,50,26
2967,3279,3301,75,19
2968,174,4967,75,49
2969,1491,1540,100,36
2970,1865,3895,100,44
2971,501,299,50,42
2972,3188,3297,75,32
2973,538,2327,75,39
2974,1442,1060,75,40
2975,1820,1738,75,5
2976,2713,3475,75,27
2977,3667,3743,50,50
2978,2352,3129,100,42
2979,4720,4480,50,38
2980,1686,1801,50,31
2981,52,3793,50,26
2982,1796,4152,75,49
2983,383,269,100,42
2984,900,1155,100,23
2985,3455,3568,100,35
2986,4581,4715,50,0
2987,4335,4416,75,22
2988,4638,4581,75,15
2989,577,619,100,17
2990,1553,1071,75,27
2991,2244,2530,100,19
2992,4435,4348,75,31
2993,3676,4639,50,44
2994,634,1821,50,34
2995,4538,4747,75,49
2996,695,766,100,3
2997,3745,4446,100,49
2998,4186,4310,100,20
2999,57,3684,50,32
3000,2652,3339,100,1
3001,3138,2707,100,21
3002,2711,3264,75,27
3003,369,4220,75,5
3004,572,645,100,12
3005,1826,1775,75,34
3006,3339,2373,75,47
3007,1366,801,75,28
3008,373,376,50,37
3009,1254,1448,100,48
3010,3506,2288,100,32
3011,682,1580,50,28
3012,136,46,75,15
3013,4997,4887,75,22
3014,842,1024,50,38
3015,54,3797,75,32
3016,1437,1494,75,39
3017,3448,1919,50,32
3018,932,806,50,25
3019,2722,2111,50,47
3020,1935,3399,75,3
3021,3900,4072,50,15
3022,762,743,50,32
3023,3389,2542,100,41
3024,926,828,100,43
3025,1202,829,75,17
3026,3242,2064,75,38
3027,4743,4492,100,10
3028,1988,2031,75,14
3029,3305,2044,75,49
3030,580,746,50,22
3031,2501,3541,75,33
3032,664,717,75,38
3033,524,1335,75,11
3034,149,3639,50,11
3035,4287,4375,50,43
3036,670,724,75,24
3037,4550,4664,50,15
3038,2873,2647,100,28
3039,3107,2014,50,0
3040,3632,3611,100,34
3041,1706,3906,50,13
3042,4246,4503,75,19
3043,4819,4839,75,39
3044,618,558,75,24
3045,1110,990,75,0
3046,3226,2755,75,37
3047,456,1646,50,13
3048,1119,1112,75,25
3049,1542,1438,75,28
3050,843,769,75,29
3051,1753,1813,75,47
3052,1364,4914,100,7
3053,2934,2944,100,47
3054,655,4640,50,27
3055,3092,2320,50,11
3056,190,573,50,7
3057,3364,2565,75,2
3058,1798,1863,50,46
3059,1828,1758,100,43
3060,593,660,75,44
3061,337,457,75,22
3062,3777,3799,100,50
3063,775,1254,75,45
3064,151,141,100,45
3065,1605,1154,100,4
3066,4883,4996,100,36
3067,228,53,100,2
3068,211,467,50,50
3069,397,309,75,7
3070,1883,2834,75,33
3071,1504,880,100,14
3072,4389,4134,50,13
3073,583,592,75,8
3074,780,1315,100,26
3075,1668,1763,100,45
3076,4927,4928,100,25
3077,48,20,50,6
3078,2794,3107,50,32
3079,448,4104,75,20
3080,4618,4456,100,0
3081,595,3755,50,10
3082,916,4525,100,21
3083,2136,3558,75,12
3084,4589,4501,100,0
3085,4625,4691,50,1
3086,238,124,50,11
3087,4449,4478,75,22
3088,1403,1061,75,6
3089,608,4206,100,5
3090,1823,1661,75,35
3091,2063,3211,50,24
3092,2707,3506,100,41
3093,3913,3657,50,38
3094,1423,1289,75,38
3095,4555,4452,100,49
3096,3846,3878,100,7
3097,4948,4834,50,25
3098,2104,3235,100,50
3099,1443,1402,100,23
3100,3720,3714,50,22
3101,1377,3047,75,7
3102,4334,4217,100,6
3103,1829,3782,100,47
3104,1553,788,100,14
3105,1356,1521,100,26
3106,2748,3028,100,28
3107,2603,2181,50,32
3108,3811,3599,75,50
3109,3790,3761,100,31
3110,1230,1541,50,30
3111,1956,2037,50,34
3112,652,569,50,41
3113,1446,3878,75,39
3114,2998,1987,50,38
3115,787,1291,50,45
3116,2684,3129,50,48
3117,2682,2473,100,45
3118,3582,2889,75,1
3119,423,1834,75,44
3120,145,352,50,38
3121,610,590,75,5
3122,3438,1933,50,37
3123,2126,2498,50,13
3124,1692,1852,50,4
3125,531,431,50,17
3126,1365,796,100,22
3127,4340,4245,50,8
3128,1144,1230,50,36
3129,4830,4832,75,2
3130,2560,3251,100,3
3131,1867,1685,50,30
3132,709,3867,100,4
3133,199,4833,75,31
3134,72,223,75,33
3135,4757,4748,100,22
3136,1264,1069,75,9
3137,2152,4988,100,28
3138,1184,1242,75,34
3139,3653,3775,50,24
3140,2699,2651,75,6
3141,3576,1878,50,44
3142,4985,4866,50,26
3143,4807,4990,100,8
3144,813,1076,100,2
3145,4624,4444,100,14
3146,49,25,50,24
3147,1016,983,100,23
3148,1385,1265,50,27
3149,287,269,75,31
3150,2567,2749,100,5
3151,761,633,50,7
3152,2443,3301,50,35
3153,2622,2592,75,3
3154,546,3357,100,4
3155,4983,4812,100,5
3156,1565,1119,50,42
3157,4810,4966,100,8
3158,4942,4936,100,45
3159,4714,4479,100,49
3160,2771,3371,50,43
3161,780,1568,100,38
3162,3418,2590,50,12
3163,2081,2032,50,11
3164,4885,4883,75,22
3165,1717,1674,100,47
3166,3423,2724,100,49
3167,82,45,75,37
3168,3756,4898,100,8
3169,2019,3500,50,27
3170,325,383,50,14
3171,668,706,50,50
3172,4453,4638,75,42
3173,2743,2286,75,38
3174,596,721,75,35
3175,3067,2186,100,44
3176,755,708,100,44
3177,1291,1143,100,6
3178,4483,4587,50,37
3179,2506,4825,100,24
3180,126,233,100,6
3181,533,4730,100,48
3182,382,725,75,35
3183,1032,1214,50,18
3184,2896,2646,75,1
3185,1257,1540,75,10
3186,310,4901,50,4
3187,1466,1275,50,48
3188,2566,2298,50,13
3189,22,4800,75,0
3190,798,1601,100,7
3191,1808,1738,75,50
3192,1222,1579,75,49
3193,562,4982,50,44
3194,1053,1090,100,49
3195,385,4302,50,16
3196,718,4876,75,47
3197,3906,3832,75,2
3198,528,4888,100,44
3199,2195,2205,50,44
3200,3739,3954,100,31
3201,624,650,50,16
3202,1190,1359,50,49
3203,2537,2652,100,15
3204,1657,1665,75,27
3205,216,1825,100,20
3206,2723,3324,75,17
3207,2341,3382,100,22
3208,226,111,50,25
3209,4122,4089,50,37
3210,657,746,100,47
3211,4536,4516,75,32
3212,1272,1239,50,26
3213,4410,4394,50,44
3214,177,253,75,16
3215,2148,2633,75,25
3216,3297,3210,75,38
3217,118,69,100,14
3218,3261,3590,100,39
3219,382,595,100,34
3220,3671,3947,75,36
3221,3308,2420,100,2
3222,2676,2867,75,16
3223,3598,3794,50,38
3224,3242,2155,75,5
3225,1738,4543,75,9
3226,328,335,100,39
3227,4466,4706,100,1
3228,4505,4639,75,39
3229,1681,4828,75,29
3230,474,4026,100,28
3231,1914,3485,75,11
3232,4717,4750,75,12
3233,3918,3635,100,48
3234,2555,3178,100,34
3235,2453,2758,75,29
3236,2140,4782,75,48
3237,1736,1700,75,38
3238,4110,4148,50,38
3239,3431,2059,75,12
3240,449,3617,50,6
3241,40,313,75,18
3242,646,1657,75,8
3243,3863,3958,100,40
3244,1990,2975,75,7
3245,526,3967,75,18
3246,3359,3373,100,45
3247,836,829,75,33
3248,832,1123,75,37
3249,4615,4479,50,8
3250,4149,4319,100,24
3251,521,369,50,38
3252,2589,2903,75,24
3253,7,53,50,7
3254,1867,4603,75,24
3255,2865,3589,50,49
3256,2405,3610,100,34
3257,4460,4520,75,27
3258,4104,4648,50,49
3259,1806,4727,50,19
3260,1485,872,100,33
3261,522,457,50,17
3262,3808,3649,75,35
3263,3560,3571,100,40
3264,1817,1811,100,26
3265,2195,2715,75,41
3266,4420,4216,50,7
3267,683,4158,75,23
3268,1426,1319,75,10
3269,1712,1741,75,47
3270,2373,2614,75,43
3271,518,4524,75,2
3272,3218,2158,50,4
3273,4687,4612,75,31
3274,427,534,50,13
3275,1205,4332,50,45
3276,4054,4155,50,20
3277,3766,3696,50,17
3278,4143,4297,50,12
3279,3015,3529,75,9
3280,838,1420,75,47
3281,3623,3676,75,2
3282,4241,4205,50,33
3283,4777,4981,75,47
3284,4055,4326,100,39
3285,1661,3346,75,38
3286,3825,4555,75,4
3287,2209,2858,75,11
3288,3397,3415,50,23
3289,4308,4201,50,21
3290,733,669,50,0
3291,4542,4441,100,23
3292,484,300,100,14
3293,73,143,75,12
3294,1064,1267,50,12
3295,1974,2582,100,7
3296,3550,3284,100,17
3297,4800,4969,75,26
3298,4659,4502,50,21
3299,2840,2089,100,39
3300,2757,2584,50,18
3301,2800,2700,100,9
3302,3349,3263,50,9
3303,4151,4199,50,46
3304,188,78,100,45
3305,4196,4122,50,0
3306,1465,1811,100,5
3307,3911,3694,50,37
3308,323,1843,75,16
3309,390,382,100,14
3310,235,268,100,6
3311,1454,1016,75,44
3312,3763,3844,100,4
3313,2037,2541,75,1
3314,1957,2009,100,50
3315,4129,4266,75,32
3316,2143,2689,50,16
3317,2295,3238,100,12
3318,2556,3092,100,40
3319,2284,2319,75,30
3320,3329,2291,100,48
3321,4748,4536,100,9
3322,2834,3035,100,19
3323,1015,1494,50,48
3324,3165,2661,50,6
3325,4174,4983,50,27
3326,4098,4305,100,9
3327,4260,4268,50,5
3328,3664,3750,50,31
3329,1848,1856,100,36
3330,1504,1277,100,47
3331,807,1597,100,5
3332,4397,4388,100,6
3333,3228,1969,100,0
3334,2640,3485,50,43
3335,270,544,100,24
3336,1610,913,50,19
3337,712,597,50,26
3338,4408,4423,75,29
3339,1197,1438,100,49
3340,1379,1811,100,48
3341,4447,4486,75,13
3342,20,1779,100,21
3343,4353,4172,75,32
3344,2101,3357,75,28
3345,4713,4463,75,49
3346,2340,2555,75,8
3347,1110,1323,75,13
3348,3416,4822,100,19
3349,118,26,100,33
3350,485,4265,100,9
3351,1194,1170,50,47
3352,4453,4703,75,40
3353,328,477,50,20
3354,1850,1823,75,18
3355,4049,3949,100,11
3356,770,4999,50,40
3357,2018,3564,75,12
3358,19,3770,75,7
3359,4566,4445,50,29
3360,1276,4155,100,43
3361,2462,2153,100,48
3362,2123,3397,50,35
3363,3109,2344,50,21
3364,2597,3194,50,15
3365,3799,4007,75,21
3366,2069,2910,75,14
3367,2124,3215,100,47
3368,4162,4261,100,11
3369,1324,4321,100,30
3370,4235,4453,50,0
3371,3457,3470,75,28
3372,2690,2220,75,30
3373,1209,1212,75,24
3374,4315,4057,75,45
3375,2784,3186,50,34
3376,4607,4527,50,34
3377,4749,4716,100,31
3378,238,407,75,20
3379,1092,1346,100,44
3380,633,705,100,28
3381,2756,2528,50,46
3382,1726,3743,100,8
3383,4337,4241,50,40
3384,1635,4857,75,20
3385,406,321,50,4
3386,745,645,100,13
3387,2253,3038,100,24
3388,4354,4232,100,23
3389,751,4488,100,12
3390,3195,2101,50,23
3391,680,2745,100,8
3392,4236,4074,75,8
3393,2404,2420,50,42
3394,2938,2783,100,2
3395,4619,4768,75,18
3396,120,9,100,5
3397,1904,2120,75,50
3398,4226,4376,75,14
3399,2669,3579,50,40
3400,2218,3038,50,0
3401,177,77,75,5
3402,374,960,75,18
3403,888,1416,75,9
3404,1953,1895,100,50
3405,2268,1908,100,24
3406,346,4874,75,22
3407,2399,3305,100,29
3408,1139,4563,75,17
3409,3917,3739,50,13
3410,4608,4902,50,38
3411,4488,4982,100,30
3412,1167,1446,50,7
3413,650,4949,100,23
3414,1969,3343,50,14
3415,4547,4626,50,17
3416,1148,991,100,28
3417,3735,3786,50,39
3418,4715,4655,75,39
3419,4153,4393,75,1
3420,970,1572,50,1
3421,3709,3930,50,47
3422,713,4721,50,50
3423,3673,4654,100,19
3424,480,3792,50,18
3425,1709,4564,75,38
3426,4287,4294,100,31
3427,2908,3115,75,47
3428,1433,1185,100,34
3429,2315,3213,100,22
3430,411,4838,100,45
3431,1378,4405,75,40
3432,2597,1916,50,46
3433,3755,4001,100,33
3434,4784,4928,100,5
3435,1241,936,75,32
3436,235,101,75,3
3437,4749,4541,100,8
3438,2783,2333,50,23
3439,1861,3664,100,37
3440,2512,4579,50,31
3441,4762,4443,100,16
3442,4473,4656,50,29
3443,2587,2093,75,14
3444,3279,3295,100,8
3445,1118,790,75,18
3446,4800,4855,100,2
3447,833,909,50,13
3448,2410,4973,50,10
3449,2344,3556,50,11
3450,3572,3421,50,38
3451,309,315,75,16
3452,3047,1927,100,2
3453,4257,4235,75,0
3454,2409,2173,75,28
3455,4246,4145,50,43
3456,574,4467,50,19
3457,2950,2262,100,47
3458,2581,2467,100,13
3459,478,278,75,35
3460,4372,4093,75,19
3461,847,1255,75,30
3462,4617,4624,100,31
3463,3278,2797,75,0
3464,4654,4510,75,1
3465,2088,2719,50,25
3466,1023,1161,75,26
3467,4096,4393,75,25
3468,2734,3340,50,0
3469,4137,4269,100,28
3470,475,272,75,45
3471,2914,3472,50,10
3472,1896,3074,100,9
3473,377,300,50,11
3474,1909,3486,100,41
3475,3898,4224,100,8
3476,1529,4304,50,37
3477,631,1934,50,32
3478,4012,3894,75,34
3479,4505,4655,50,30
3480,2072,2222,100,50
3481,401,3992,75,48
3482,3876,3863,75,8
3483,674,2572,75,16
3484,150,3924,100,50
3485,701,754,50,38
3486,814,1462,50,12
3487,1506,1010,50,19
3488,1249,1137,100,49
3489,2823,2246,75,41
3490,427,407,100,27
3491,3913,3724,100,10
3492,361,411,100,48
3493,4242,4167,50,25
3494,20,3943,75,42
3495,1366,1262,75,2
3496,2087,2524,75,34
3497,695,575,75,14
3498,1386,4808,50,11
3499,3765,4006,50,16
3500,2199,2910,100,16
3501,3271,3126,50,21
3502,515,508,100,46
3503,2188,2068,75,37
3504,1347,844,100,5
3505,3259,2811,50,33
3506,3450,1923,100,19
3507,3265,2792,75,22
3508,2466,2577,50,9
3509,4022,4425,75,11
3510,4080,4182,50,1
3511,91,4,75,47
3512,3388,3520,50,29
3513,3004,3123,100,43
3514,1084,1420,50,30
3515,419,515,100,1
3516,3616,3713,75,35
3517,5,106,100,46
3518,2808,3259,50,50
3519,2966,3324,75,16
3520,1201,1321,100,33
3521,125,68,50,5
3522,418,309,100,26
3523,828,869,100,21
3524,769,867,100,22
3525,2214,2608,75,47
3526,1556,1330,100,40
3527,2025,3408,100,23
3528,3350,3464,100,16
3529,1628,776,50,4
3530,3235,3261,100,15
3531,4686,4566,75,36
3532,2822,3402,50,6
3533,3195,2863,50,48
3534,810,790,75,12
3535,309,283,100,25
3536,234,316,75,36
3537,1140,1580,75,11
3538,2959,3584,75,25
3539,368,492,75,27
3540,1824,1657,100,31
3541,3411,4482,75,31
3542,3747,3777,75,36
3543,1784,1749,50,23
3544,2561,2665,100,27
3545,2249,4892,50,13
3546,482,486,75,5
3547,4404,4438,75,16
3548,3404,2157,100,4
3549,439,4646,100,22
3550,3983,4016,50,49
3551,3870,3704,100,1
3552,639,4902,100,41
3553,536,526,100,19
3554,814,936,50,27
3555,1438,1501,75,8
3556,1156,837,50,12
3557,4045,3787,100,38
3558,3357,2315,50,43
3559,4497,4477,75,25
3560,1564,3641,50,23
3561,1454,871,50,2
3562,999,882,50,4
3563,4964,4883,50,14
3564,4575,4686,100,6
3565,1087,1153,75,19
3566,3082,2913,100,0
3567,111,642,75,18
3568,3710,3593,50,47
3569,2864,3266,50,26
3570,2690,3360,75,31
3571,4228,4347,100,10
3572,316,715,50,16
3573,1986,2653,100,38
3574,832,811,50,5
3575,194,1819,50,46
3576,306,566,100,25
3577,1292,927,50,24
3578,595,551,75,29
3579,724,695,100,38
3580,4774,4468,50,19
3581,1714,3254,100,42
3582,3486,3581,100,36
3583,3573,3048,50,21
3584,1396,1226,75,14
3585,340,327,100,42
3586,617,685,50,24
3587,652,4234,75,39
3588,531,310,100,24
3589,222,297,75,42
3590,3270,3315,50,24
3591,4100,4260,75,11
3592,494,445,50,37
3593,1604,4532,100,25
3594,3644,3806,50,2
3595,2314,2867,50,48
3596,1647,4097,50,29
3597,4710,4743,50,27
3598,4079,4252,75,14
3599,4465,4499,100,11
3600,1894,2891,50,23
3601,4865,4824,100,24
3602,2103,2664,100,36
3603,4825,4883,75,10
3604,297,4681,75,23
3605,2416,3052,100,30
3606,4210,4404,50,42
3607,501,341,100,23
3608,3782,3856,75,43
3609,2567,3291,75,39
3610,4998,4836,50,10
3611,4721,4504,75,29
3612,4427,4163,50,7
3613,1096,1562,50,43
3614,573,4276,75,19
3615,95,2528,100,39
3616,4374,4430,50,29
3617,510,4998,100,31
3618,875,1605,50,40
3619,959,1182,50,46
3620,203,4560,75,0
3621,1031,867,100,27
3622,2383,3754,100,21
3623,989,1561,75,32
3624,1557,1587,100,44
3625,3222,3377,100,41
3626,4787,4942,100,35
3627,2494,2610,75,48
3628,2970,4678,50,2
3629,1513,799,100,21
3630,3901,4035,100,38
3631,505,354,75,12
3632,4488,4655,75,32
3633,363,368,75,30
3634,1678,2746,100,18
3635,2146,2115,50,44
3636,1067,778,50,26
3637,902,1433,75,17
3638,1043,863,75,3
3639,3489,3587,50,24
3640,4083,4262,50,9
3641,1518,1007,75,25
3642,781,863,75,42
3643,159,4200,75,48
3644,1333,1044,75,38
3645,4783,4816,75,16
3646,1623,1539,100,21
3647,2498,2767,100,28
3648,2054,2109,100,47
3649,3214,2001,75,24
3650,1047,3596,100,16
3651,2079,2500,100,40
3652,1319,1401,75,28
3653,4680,4460,100,5
3654,4120,4205,75,22
3655,29,3852,100,47
3656,455,1849,50,17
3657,4477,4454,75,16
3658,1094,1398,75,41
3659,3895,3681,50,45
3660,4837,4898,100,8
3661,3062,3227,75,1
3662,1381,4140,75,15
3663,2346,2342,75,31
3664,386,305,50,38
3665,4013,4718,100,0
3666,1460,783,100,46
3667,414,4116,75,43
3668,2172,2470,100,33
3669,2231,2917,100,25
3670,962,973,75,14
3671,4316,4913,100,39
3672,4572,4547,75,21
3673,527,453,50,15
3674,3366,1944,75,22
3675,3777,4007,75,35
3676,1511,1342,50,49
3677,4509,4724,75,33
3678,138,105,50,23
3679,4347,4229,50,34
3680,3878,3916,50,12
3681,1835,4759,100,34
3682,2425,4898,75,25
3683,128,476,100,12
3684,2732,4848,50,46
3685,865,1626,100,7
3686,1103,1959,50,26
3687,686,679,100,24
3688,175,141,75,47
3689,2800,2302,100,2
3690,735,1815,100,17
3691,2640,2925,50,30
3692,1227,4353,50,29
3693,2803,1901,50,3
3694,269,479,75,5
3695,391,483,75,0
3696,14,3980,100,24
3697,3498,3334,50,11
3698,872,4613,100,16
3699,4266,4273,50,20
3700,174,40,50,2
3701,1908,3273,100,9
3702,2467,2402,75,23
3703,3684,3696,100,14
3704,1143,1392,100,28
3705,1356,4316,100,37
3706,4194,4217,75,13
3707,172,210,50,18
3708,3487,2337,75,29
3709,905,1611,75,41
3710,4532,4728,75,17
3711,3307,2967,100,50
3712,4669,4504,75,27
3713,67,170,100,2
3714,4175,4327,50,13
3715,2872,2744,50,31
3716,4039,4017,50,50
3717,4794,4937,100,39
3718,3856,3923,75,16
3719,1533,1183,50,21
3720,198,1679,100,9
3721,1633,1813,50,45
3722,41,763,100,18
3723,3051,2640,50,3
3724,364,258,50,1
3725,2899,2623,50,40
3726,4414,4302,75,27
3727,3422,2840,50,30
3728,1102,1191,100,7
3729,4657,4551,100,38
3730,2300,3155,75,7
3731,3467,3092,75,19
3732,3717,3711,100,16
3733,335,358,100,29
3734,2731,2049,75,36
3735,4076,4281,100,30
3736,229,4595,50,33
3737,1747,1855,50,15
3738,2146,2662,50,27
3739,2970,2509,50,16
3740,3003,3107,75,13
3741,3472,2883,75,28
3742,702,4845,100,23
3743,2452,3586,75,45
3744,1779,1719,75,33
3745,1534,4676,100,13
3746,4066,4437,75,1
3747,2821,2727,75,42
3748,1038,920,100,43
3749,4267,4291,50,26
3750,1222,1126,50,11
3751,420,499,75,1
3752,2293,1989,100,25
3753,274,281,100,30
3754,801,1582,75,27
3755,3354,2904,75,3
3756,3961,3726,75,5
3757,3507,2551,100,44
3758,2371,2568,100,43
3759,324,2710,50,10
3760,7,19,100,11
3761,41,36,50,46
3762,1082,1365,75,6
3763,4237,4656,50,36
3764,3435,3092,50,8
3765,2685,3575,50,31
3766,538,310,75,16
3767,987,1533,75,38
3768,648,1203,100,37
3769,3832,3821,100,19
3770,467,519,100,6
3771,237,211,100,47
3772,3469,3575,50,15
3773,4414,4366,75,26
3774,1663,1723,100,28
3775,4926,4871,50,21
3776,2006,2433,100,32
3777,3284,2342,50,31
3778,1488,957,100,4
3779,4449,4602,50,40
3780,2363,3144,75,41
3781,926,835,75,7
3782,1684,1853,50,27
3783,1934,2499,75,2
3784,2366,2304,75,2
3785,4181,4284,75,33
3786,2211,2402,50,48
3787,4117,4053,100,43
3788,2445,2079,100,19
3789,4526,4556,75,33
3790,2330,3584,100,17
3791,466,469,100,12
3792,4306,4297,50,14
3793,975,1142,75,33
3794,1885,2157,75,29
3795,2415,2724,50,27
3796,2028,2583,75,42
3797,2947,3456,75,44
3798,3288,2111,100,0
3799,2571,3143,75,16
3800,156,1809,100,8
3801,88,3002,75,11
3802,638,4317,100,3
3803,193,4676,100,0
3804,2308,2969,50,7
3805,4352,4164,75,35
3806,3884,3638,100,15
3807,1952,3367,100,50
3808,1312,833,75,16
3809,960,1695,50,47
3810,3540,2222,50,27
3811,1472,1389,75,47
3812,2816,4433,100,20
3813,53,1673,100,39
3814,1250,964,100,17
3815,4851,4961,75,17
3816,852,1107,50,35
3817,638,4541,100,42
3818,165,2325,100,20
3819,415,409,100,37
3820,2048,3243,50,1
3821,4756,4649,50,11
3822,3227,3440,100,2
3823,3386,3587,75,40
3824,1586,1079,75,27
3825,4113,4337,50,45
3826,1372,867,75,9
3827,4747,4577,75,39
3828,415,300,100,49
3829,12,4266,50,7
3830,4636,4940,100,23
3831,1903,1988,50,13
3832,4710,4938,100,2
3833,2142,3506,50,38
3834,2157,2722,100,42
3835,78,4951,100,25
3836,4234,4378,75,12
3837,2648,3579,50,1
3838,3666,3607,100,10
3839,2884,3041,50,22
3840,3395,1875,75,22
3841,2152,3223,75,0
3842,3165,2588,50,1
3843,3874,3913,75,38
3844,2191,2166,100,37
3845,4945,4894,50,22
3846,689,1114,75,50
3847,3722,4004,50,11
3848,2118,2164,100,29
3849,429,353,50,10
3850,170,1460,50,7
3851,3603,4956,50,40
3852,3856,4645,100,22
3853,2457,2999,50,5
3854,4017,3685,100,20
3855,2602,2483,50,1
3856,488,4981,75,8
3857,4863,4786,50,5
3858,43,170,100,34
3859,4842,4828,50,44
3860,4609,4762,50,48
3861,1591,4120,100,24
3862,2955,2909,100,8
3863,1512,4636,50,19
3864,3124,3144,100,7
3865,106,2665,100,2
3866,323,328,100,15
3867,46,571,50,22
3868,4336,4247,75,33
3869,1617,1370,75,45
3870,4043,3632,75,13
3871,2306,2910,100,22
3872,1823,1813,75,48
3873,4318,4352,75,38
3874,3965,3717,75,13
3875,4732,4589,100,33
3876,3411,2117,100,9
3877,3966,3616,75,45
3878,415,4277,75,40
3879,1134,862,100,20
3880,1252,3702,50,33
3881,4221,4425,50,23
3882,2674,2878,50,34
3883,2913,3422,50,31
3884,4322,4435,50,43
3885,4221,4246,50,48
3886,588,640,100,8
3887,4714,4536,75,17
3888,527,935,50,37
3889,4497,4710,75,6
3890,981,809,100,21
3891,2570,2742,50,23
3892,1618,1199,75,41
3893,2882,2896,75,43
3894,4583,4606,75,49
3895,503,4189,100,50
3896,3569,3045,100,42
3897,605,637,100,5
3898,502,423,75,21
3899,4415,4860,100,2
3900,1282,1483,50,3
3901,1492,1235,100,7
3902,33,3953,100,27
3903,4874,4951,100,46
3904,477,1221,100,21
3905,737,712,75,16
3906,2877,2737,100,32
3907,1394,1183,75,24
3908,1552,1133,50,43
3909,2096,3120,75,0
3910,2742,2354,100,48
3911,26,363,75,32
3912,2244,1992,100,18
3913,1570,2260,100,47
3914,168,3886,50,45
3915,2221,2443,75,47
3916,3423,2976,50,32
3917,1557,1445,100,8
3918,2708,3001,100,16
3919,3437,2388,75,26
3920,2037,3515,100,18
3921,1936,2430,50,15
3922,1074,1333,75,1
3923,4222,4164,75,26
3924,1580,1306,100,23
3925,4900,4802,75,50
3926,612,3731,75,38
3927,126,79,100,49
3928,224,1263,50,23
3929,1415,3302,75,32
3930,707,631,100,4
3931,3294,3492,50,32
3932,2087,3095,100,8
3933,3549,2582,100,9
3934,3941,3670,75,28
3935,734,4786,75,19
3936,440,422,75,49
3937,4384,4388,75,40
3938,787,1456,75,31
3939,1710,1769,75,23
3940,4638,4534,100,11
3941,1388,1146,75,18
3942,2414,2458,100,7
3943,12,247,50,13
3944,52,3902,100,28
3945,2635,2626,50,18
3946,3277,2435,100,37
3947,3901,3991,50,30
3948,869,1206,100,30
3949,3869,4143,100,2
3950,2368,2927,50,31
3951,1775,1750,50,45
3952,2585,2644,75,21
3953,1943,2853,75,38
3954,1814,1785,75,35
3955,3699,3918,75,36
3956,479,4326,100,47
3957,2556,2708,75,29
3958,330,1814,75,46
3959,3440,3122,50,27
3960,250,1732,75,8
3961,4564,4852,50,43
3962,599,4625,100,21
3963,1972,3227,75,42
3964,631,710,75,7
3965,2336,3437,50,21
3966,4837,4945,75,37
3967,4575,4715,50,21
3968,1141,1246,50,10
3969,648,4182,75,27
3970,1794,1816,75,16
3971,1169,1313,100,46
3972,2825,2306,50,24
3973,1010,915,75,7
3974,4865,4917,50,49
3975,3975,3890,50,31
3976,4300,4434,50,43
3977,4237,4308,75,25
3978,1958,2186,75,12
3979,4575,4762,50,18
3980,3802,3677,75,7
3981,3927,3994,100,40
3982,659,1871,50,17
3983,2383,2688,50,31
3984,1415,4490,100,3
3985,4947,4927,50,21
3986,4012,3947,75,23
3987,1336,1124,75,35
3988,1953,2929,50,50
3989,2448,2631,75,22
3990,2119,2813,75,39
3991,2663,2074,75,23
3992,3129,3256,75,11
3993,4440,4105,50,27
3994,197,236,100,42
3995,3044,1936,50,13
3996,3091,2232,75,50
3997,626,3940,100,30
3998,4520,4497,100,48
3999,1836,1828,75,26
